agency_cd,site_no,datetime,discharge-cuft
USGS,9058000,1/1/11,311
USGS,9058000,1/2/11,348
USGS,9058000,1/3/11,387
USGS,9058000,1/4/11,378
USGS,9058000,1/5/11,381
USGS,9058000,1/6/11,377
USGS,9058000,1/7/11,371
USGS,9058000,1/8/11,368
USGS,9058000,1/9/11,371
USGS,9058000,1/10/11,351
USGS,9058000,1/11/11,334
USGS,9058000,1/12/11,369
USGS,9058000,1/13/11,376
USGS,9058000,1/14/11,394
USGS,9058000,1/15/11,387
USGS,9058000,1/16/11,392
USGS,9058000,1/17/11,400
USGS,9058000,1/18/11,391
USGS,9058000,1/19/11,379
USGS,9058000,1/20/11,352
USGS,9058000,1/21/11,369
USGS,9058000,1/22/11,364
USGS,9058000,1/23/11,350
USGS,9058000,1/24/11,360
USGS,9058000,1/25/11,339
USGS,9058000,1/26/11,364
USGS,9058000,1/27/11,356
USGS,9058000,1/28/11,364
USGS,9058000,1/29/11,362
USGS,9058000,1/30/11,365
USGS,9058000,1/31/11,362
USGS,9058000,2/1/11,350
USGS,9058000,2/2/11,330
USGS,9058000,2/3/11,400
USGS,9058000,2/4/11,563
USGS,9058000,2/5/11,580
USGS,9058000,2/6/11,574
USGS,9058000,2/7/11,548
USGS,9058000,2/8/11,538
USGS,9058000,2/9/11,508
USGS,9058000,2/10/11,513
USGS,9058000,2/11/11,501
USGS,9058000,2/12/11,502
USGS,9058000,2/13/11,507
USGS,9058000,2/14/11,492
USGS,9058000,2/15/11,473
USGS,9058000,2/16/11,467
USGS,9058000,2/17/11,467
USGS,9058000,2/18/11,459
USGS,9058000,2/19/11,463
USGS,9058000,2/20/11,469
USGS,9058000,2/21/11,464
USGS,9058000,2/22/11,455
USGS,9058000,2/23/11,458
USGS,9058000,2/24/11,474
USGS,9058000,2/25/11,480
USGS,9058000,2/26/11,485
USGS,9058000,2/27/11,482
USGS,9058000,2/28/11,488
USGS,9058000,3/1/11,480
USGS,9058000,3/2/11,425
USGS,9058000,3/3/11,440
USGS,9058000,3/4/11,469
USGS,9058000,3/5/11,474
USGS,9058000,3/6/11,489
USGS,9058000,3/7/11,503
USGS,9058000,3/8/11,502
USGS,9058000,3/9/11,498
USGS,9058000,3/10/11,503
USGS,9058000,3/11/11,538
USGS,9058000,3/12/11,677
USGS,9058000,3/13/11,698
USGS,9058000,3/14/11,669
USGS,9058000,3/15/11,695
USGS,9058000,3/16/11,736
USGS,9058000,3/17/11,883
USGS,9058000,3/18/11,741
USGS,9058000,3/19/11,730
USGS,9058000,3/20/11,714
USGS,9058000,3/21/11,727
USGS,9058000,3/22/11,801
USGS,9058000,3/23/11,756
USGS,9058000,3/24/11,749
USGS,9058000,3/25/11,677
USGS,9058000,3/26/11,640
USGS,9058000,3/27/11,650
USGS,9058000,3/28/11,658
USGS,9058000,3/29/11,634
USGS,9058000,3/30/11,622
USGS,9058000,3/31/11,672
USGS,9058000,4/1/11,832
USGS,9058000,4/2/11,996
USGS,9058000,4/3/11,1210
USGS,9058000,4/4/11,959
USGS,9058000,4/5/11,892
USGS,9058000,4/6/11,1120
USGS,9058000,4/7/11,1230
USGS,9058000,4/8/11,1530
USGS,9058000,4/9/11,1920
USGS,9058000,4/10/11,1970
USGS,9058000,4/11/11,1830
USGS,9058000,4/12/11,1800
USGS,9058000,4/13/11,1800
USGS,9058000,4/14/11,1950
USGS,9058000,4/15/11,1950
USGS,9058000,4/16/11,1830
USGS,9058000,4/17/11,1730
USGS,9058000,4/18/11,1830
USGS,9058000,4/19/11,2020
USGS,9058000,4/20/11,1970
USGS,9058000,4/21/11,2070
USGS,9058000,4/22/11,2300
USGS,9058000,4/23/11,2140
USGS,9058000,4/24/11,1970
USGS,9058000,4/25/11,1910
USGS,9058000,4/26/11,1880
USGS,9058000,4/27/11,1790
USGS,9058000,4/28/11,1750
USGS,9058000,4/29/11,1820
USGS,9058000,4/30/11,2200
USGS,9058000,5/1/11,2370
USGS,9058000,5/2/11,2480
USGS,9058000,5/3/11,2460
USGS,9058000,5/4/11,2500
USGS,9058000,5/5/11,2510
USGS,9058000,5/6/11,2760
USGS,9058000,5/7/11,3180
USGS,9058000,5/8/11,3670
USGS,9058000,5/9/11,4230
USGS,9058000,5/10/11,4830
USGS,9058000,5/11/11,5100
USGS,9058000,5/12/11,4970
USGS,9058000,5/13/11,4370
USGS,9058000,5/14/11,4360
USGS,9058000,5/15/11,4550
USGS,9058000,5/16/11,4900
USGS,9058000,5/17/11,5350
USGS,9058000,5/18/11,5610
USGS,9058000,5/19/11,5690
USGS,9058000,5/20/11,5530
USGS,9058000,5/21/11,5140
USGS,9058000,5/22/11,4950
USGS,9058000,5/23/11,4850
USGS,9058000,5/24/11,5050
USGS,9058000,5/25/11,5380
USGS,9058000,5/26/11,5420
USGS,9058000,5/27/11,5610
USGS,9058000,5/28/11,6260
USGS,9058000,5/29/11,6700
USGS,9058000,5/30/11,7620
USGS,9058000,5/31/11,8460
USGS,9058000,6/1/11,8170
USGS,9058000,6/2/11,7710
USGS,9058000,6/3/11,7870
USGS,9058000,6/4/11,8210
USGS,9058000,6/5/11,8240
USGS,9058000,6/6/11,8440
USGS,9058000,6/7/11,8740
USGS,9058000,6/8/11,8840
USGS,9058000,6/9/11,8960
USGS,9058000,6/10/11,8720
USGS,9058000,6/11/11,8610
USGS,9058000,6/12/11,8340
USGS,9058000,6/13/11,7850
USGS,9058000,6/14/11,7400
USGS,9058000,6/15/11,7300
USGS,9058000,6/16/11,7360
USGS,9058000,6/17/11,7550
USGS,9058000,6/18/11,8190
USGS,9058000,6/19/11,8390
USGS,9058000,6/20/11,8130
USGS,9058000,6/21/11,8220
USGS,9058000,6/22/11,8020
USGS,9058000,6/23/11,8270
USGS,9058000,6/24/11,8710
USGS,9058000,6/25/11,9260
USGS,9058000,6/26/11,9480
USGS,9058000,6/27/11,9460
USGS,9058000,6/28/11,9140
USGS,9058000,6/29/11,8750
USGS,9058000,6/30/11,8500
USGS,9058000,7/1/11,9130
USGS,9058000,7/2/11,9080
USGS,9058000,7/3/11,8490
USGS,9058000,7/4/11,7840
USGS,9058000,7/5/11,7290
USGS,9058000,7/6/11,7160
USGS,9058000,7/7/11,7510
USGS,9058000,7/8/11,8030
USGS,9058000,7/9/11,8230
USGS,9058000,7/10/11,8210
USGS,9058000,7/11/11,7870
USGS,9058000,7/12/11,8330
USGS,9058000,7/13/11,9000
USGS,9058000,7/14/11,9200
USGS,9058000,7/15/11,9100
USGS,9058000,7/16/11,8740
USGS,9058000,7/17/11,8090
USGS,9058000,7/18/11,7040
USGS,9058000,7/19/11,6840
USGS,9058000,7/20/11,7340
USGS,9058000,7/21/11,7170
USGS,9058000,7/22/11,6820
USGS,9058000,7/23/11,5630
USGS,9058000,7/24/11,4770
USGS,9058000,7/25/11,4240
USGS,9058000,7/26/11,3660
USGS,9058000,7/27/11,3340
USGS,9058000,7/28/11,3230
USGS,9058000,7/29/11,3070
USGS,9058000,7/30/11,3030
USGS,9058000,7/31/11,2940
USGS,9058000,8/1/11,2880
USGS,9058000,8/2/11,3050
USGS,9058000,8/3/11,3020
USGS,9058000,8/4/11,2980
USGS,9058000,8/5/11,2840
USGS,9058000,8/6/11,2680
USGS,9058000,8/7/11,2550
USGS,9058000,8/8/11,2400
USGS,9058000,8/9/11,2340
USGS,9058000,8/10/11,2190
USGS,9058000,8/11/11,1950
USGS,9058000,8/12/11,1880
USGS,9058000,8/13/11,1820
USGS,9058000,8/14/11,1740
USGS,9058000,8/15/11,1740
USGS,9058000,8/16/11,1630
USGS,9058000,8/17/11,1600
USGS,9058000,8/18/11,1600
USGS,9058000,8/19/11,1580
USGS,9058000,8/20/11,1550
USGS,9058000,8/21/11,1490
USGS,9058000,8/22/11,1480
USGS,9058000,8/23/11,1450
USGS,9058000,8/24/11,1440
USGS,9058000,8/25/11,1410
USGS,9058000,8/26/11,1440
USGS,9058000,8/27/11,1440
USGS,9058000,8/28/11,1420
USGS,9058000,8/29/11,1460
USGS,9058000,8/30/11,1420
USGS,9058000,8/31/11,1340
USGS,9058000,9/1/11,1300
USGS,9058000,9/2/11,1280
USGS,9058000,9/3/11,1390
USGS,9058000,9/4/11,1360
USGS,9058000,9/5/11,1360
USGS,9058000,9/6/11,1420
USGS,9058000,9/7/11,1490
USGS,9058000,9/8/11,1420
USGS,9058000,9/9/11,1340
USGS,9058000,9/10/11,1300
USGS,9058000,9/11/11,1290
USGS,9058000,9/12/11,1280
USGS,9058000,9/13/11,1230
USGS,9058000,9/14/11,1200
USGS,9058000,9/15/11,1210
USGS,9058000,9/16/11,1260
USGS,9058000,9/17/11,1230
USGS,9058000,9/18/11,1210
USGS,9058000,9/19/11,1200
USGS,9058000,9/20/11,1140
USGS,9058000,9/21/11,1080
USGS,9058000,9/22/11,1020
USGS,9058000,9/23/11,1070
USGS,9058000,9/24/11,1060
USGS,9058000,9/25/11,1050
USGS,9058000,9/26/11,1060
USGS,9058000,9/27/11,1050
USGS,9058000,9/28/11,1150
USGS,9058000,9/29/11,1220
USGS,9058000,9/30/11,1240
USGS,9058000,10/1/11,1250
USGS,9058000,10/2/11,1250
USGS,9058000,10/3/11,1230
USGS,9058000,10/4/11,1200
USGS,9058000,10/5/11,1220
USGS,9058000,10/6/11,1230
USGS,9058000,10/7/11,1230
USGS,9058000,10/8/11,1220
USGS,9058000,10/9/11,1230
USGS,9058000,10/10/11,1220
USGS,9058000,10/11/11,1230
USGS,9058000,10/12/11,1210
USGS,9058000,10/13/11,1070
USGS,9058000,10/14/11,981
USGS,9058000,10/15/11,1000
USGS,9058000,10/16/11,1000
USGS,9058000,10/17/11,1030
USGS,9058000,10/18/11,1030
USGS,9058000,10/19/11,1020
USGS,9058000,10/20/11,1020
USGS,9058000,10/21/11,1030
USGS,9058000,10/22/11,1020
USGS,9058000,10/23/11,1050
USGS,9058000,10/24/11,1050
USGS,9058000,10/25/11,1070
USGS,9058000,10/26/11,1180
USGS,9058000,10/27/11,1150
USGS,9058000,10/28/11,1090
USGS,9058000,10/29/11,981
USGS,9058000,10/30/11,861
USGS,9058000,10/31/11,772
USGS,9058000,11/1/11,670
USGS,9058000,11/2/11,606
USGS,9058000,11/3/11,581
USGS,9058000,11/4/11,555
USGS,9058000,11/5/11,570
USGS,9058000,11/6/11,570
USGS,9058000,11/7/11,549
USGS,9058000,11/8/11,552
USGS,9058000,11/9/11,575
USGS,9058000,11/10/11,549
USGS,9058000,11/11/11,536
USGS,9058000,11/12/11,583
USGS,9058000,11/13/11,616
USGS,9058000,11/14/11,603
USGS,9058000,11/15/11,581
USGS,9058000,11/16/11,552
USGS,9058000,11/17/11,479
USGS,9058000,11/18/11,459
USGS,9058000,11/19/11,476
USGS,9058000,11/20/11,459
USGS,9058000,11/21/11,449
USGS,9058000,11/22/11,444
USGS,9058000,11/23/11,439
USGS,9058000,11/24/11,445
USGS,9058000,11/25/11,450
USGS,9058000,11/26/11,430
USGS,9058000,11/27/11,408
USGS,9058000,11/28/11,440
USGS,9058000,11/29/11,434
USGS,9058000,11/30/11,426
USGS,9058000,12/1/11,435
USGS,9058000,12/2/11,403
USGS,9058000,12/3/11,396
USGS,9058000,12/4/11,408
USGS,9058000,12/5/11,404
USGS,9058000,12/6/11,400
USGS,9058000,12/7/11,400
USGS,9058000,12/8/11,396
USGS,9058000,12/9/11,391
USGS,9058000,12/10/11,396
USGS,9058000,12/11/11,391
USGS,9058000,12/12/11,388
USGS,9058000,12/13/11,390
USGS,9058000,12/14/11,388
USGS,9058000,12/15/11,391
USGS,9058000,12/16/11,396
USGS,9058000,12/17/11,400
USGS,9058000,12/18/11,403
USGS,9058000,12/19/11,412
USGS,9058000,12/20/11,419
USGS,9058000,12/21/11,428
USGS,9058000,12/22/11,427
USGS,9058000,12/23/11,428
USGS,9058000,12/24/11,428
USGS,9058000,12/25/11,428
USGS,9058000,12/26/11,428
USGS,9058000,12/27/11,423
USGS,9058000,12/28/11,423
USGS,9058000,12/29/11,423
USGS,9058000,12/30/11,427
USGS,9058000,12/31/11,418
USGS,9058000,1/1/12,418
USGS,9058000,1/2/12,409
USGS,9058000,1/3/12,404
USGS,9058000,1/4/12,409
USGS,9058000,1/5/12,404
USGS,9058000,1/6/12,404
USGS,9058000,1/7/12,399
USGS,9058000,1/8/12,399
USGS,9058000,1/9/12,399
USGS,9058000,1/10/12,389
USGS,9058000,1/11/12,374
USGS,9058000,1/12/12,364
USGS,9058000,1/13/12,351
USGS,9058000,1/14/12,333
USGS,9058000,1/15/12,321
USGS,9058000,1/16/12,314
USGS,9058000,1/17/12,318
USGS,9058000,1/18/12,317
USGS,9058000,1/19/12,317
USGS,9058000,1/20/12,317
USGS,9058000,1/21/12,317
USGS,9058000,1/22/12,317
USGS,9058000,1/23/12,317
USGS,9058000,1/24/12,317
USGS,9058000,1/25/12,317
USGS,9058000,1/26/12,315
USGS,9058000,1/27/12,319
USGS,9058000,1/28/12,319
USGS,9058000,1/29/12,319
USGS,9058000,1/30/12,319
USGS,9058000,1/31/12,319
USGS,9058000,2/1/12,320
USGS,9058000,2/2/12,320
USGS,9058000,2/3/12,320
USGS,9058000,2/4/12,320
USGS,9058000,2/5/12,319
USGS,9058000,2/6/12,318
USGS,9058000,2/7/12,319
USGS,9058000,2/8/12,316
USGS,9058000,2/9/12,314
USGS,9058000,2/10/12,312
USGS,9058000,2/11/12,313
USGS,9058000,2/12/12,312
USGS,9058000,2/13/12,314
USGS,9058000,2/14/12,314
USGS,9058000,2/15/12,314
USGS,9058000,2/16/12,314
USGS,9058000,2/17/12,315
USGS,9058000,2/18/12,314
USGS,9058000,2/19/12,315
USGS,9058000,2/20/12,316
USGS,9058000,2/21/12,317
USGS,9058000,2/22/12,317
USGS,9058000,2/23/12,319
USGS,9058000,2/24/12,322
USGS,9058000,2/25/12,323
USGS,9058000,2/26/12,323
USGS,9058000,2/27/12,323
USGS,9058000,2/28/12,323
USGS,9058000,2/29/12,328
USGS,9058000,3/1/12,329
USGS,9058000,3/2/12,335
USGS,9058000,3/3/12,338
USGS,9058000,3/4/12,344
USGS,9058000,3/5/12,353
USGS,9058000,3/6/12,366
USGS,9058000,3/7/12,397
USGS,9058000,3/8/12,396
USGS,9058000,3/9/12,405
USGS,9058000,3/10/12,447
USGS,9058000,3/11/12,472
USGS,9058000,3/12/12,510
USGS,9058000,3/13/12,534
USGS,9058000,3/14/12,563
USGS,9058000,3/15/12,581
USGS,9058000,3/16/12,593
USGS,9058000,3/17/12,627
USGS,9058000,3/18/12,657
USGS,9058000,3/19/12,639
USGS,9058000,3/20/12,610
USGS,9058000,3/21/12,601
USGS,9058000,3/22/12,565
USGS,9058000,3/23/12,589
USGS,9058000,3/24/12,602
USGS,9058000,3/25/12,606
USGS,9058000,3/26/12,616
USGS,9058000,3/27/12,609
USGS,9058000,3/28/12,569
USGS,9058000,3/29/12,559
USGS,9058000,3/30/12,555
USGS,9058000,3/31/12,540
USGS,9058000,4/1/12,574
USGS,9058000,4/2/12,605
USGS,9058000,4/3/12,583
USGS,9058000,4/4/12,425
USGS,9058000,4/5/12,378
USGS,9058000,4/6/12,351
USGS,9058000,4/7/12,338
USGS,9058000,4/8/12,330
USGS,9058000,4/9/12,326
USGS,9058000,4/10/12,332
USGS,9058000,4/11/12,329
USGS,9058000,4/12/12,336
USGS,9058000,4/13/12,339
USGS,9058000,4/14/12,325
USGS,9058000,4/15/12,326
USGS,9058000,4/16/12,325
USGS,9058000,4/17/12,321
USGS,9058000,4/18/12,319
USGS,9058000,4/19/12,321
USGS,9058000,4/20/12,304
USGS,9058000,4/21/12,315
USGS,9058000,4/22/12,329
USGS,9058000,4/23/12,369
USGS,9058000,4/24/12,408
USGS,9058000,4/25/12,441
USGS,9058000,4/26/12,482
USGS,9058000,4/27/12,560
USGS,9058000,4/28/12,624
USGS,9058000,4/29/12,583
USGS,9058000,4/30/12,537
USGS,9058000,5/1/12,481
USGS,9058000,5/2/12,478
USGS,9058000,5/3/12,471
USGS,9058000,5/4/12,471
USGS,9058000,5/5/12,483
USGS,9058000,5/6/12,492
USGS,9058000,5/7/12,503
USGS,9058000,5/8/12,508
USGS,9058000,5/9/12,455
USGS,9058000,5/10/12,415
USGS,9058000,5/11/12,396
USGS,9058000,5/12/12,405
USGS,9058000,5/13/12,412
USGS,9058000,5/14/12,406
USGS,9058000,5/15/12,372
USGS,9058000,5/16/12,353
USGS,9058000,5/17/12,389
USGS,9058000,5/18/12,377
USGS,9058000,5/19/12,390
USGS,9058000,5/20/12,449
USGS,9058000,5/21/12,402
USGS,9058000,5/22/12,367
USGS,9058000,5/23/12,365
USGS,9058000,5/24/12,438
USGS,9058000,5/25/12,444
USGS,9058000,5/26/12,482
USGS,9058000,5/27/12,432
USGS,9058000,5/28/12,413
USGS,9058000,5/29/12,393
USGS,9058000,5/30/12,361
USGS,9058000,5/31/12,333
USGS,9058000,6/1/12,328
USGS,9058000,6/2/12,332
USGS,9058000,6/3/12,345
USGS,9058000,6/4/12,349
USGS,9058000,6/5/12,323
USGS,9058000,6/6/12,294
USGS,9058000,6/7/12,311
USGS,9058000,6/8/12,338
USGS,9058000,6/9/12,308
USGS,9058000,6/10/12,280
USGS,9058000,6/11/12,266
USGS,9058000,6/12/12,335
USGS,9058000,6/13/12,439
USGS,9058000,6/14/12,604
USGS,9058000,6/15/12,659
USGS,9058000,6/16/12,679
USGS,9058000,6/17/12,733
USGS,9058000,6/18/12,750
USGS,9058000,6/19/12,695
USGS,9058000,6/20/12,645
USGS,9058000,6/21/12,619
USGS,9058000,6/22/12,735
USGS,9058000,6/23/12,846
USGS,9058000,6/24/12,834
USGS,9058000,6/25/12,854
USGS,9058000,6/26/12,839
USGS,9058000,6/27/12,823
USGS,9058000,6/28/12,830
USGS,9058000,6/29/12,872
USGS,9058000,6/30/12,898
USGS,9058000,7/1/12,876
USGS,9058000,7/2/12,849
USGS,9058000,7/3/12,908
USGS,9058000,7/4/12,928
USGS,9058000,7/5/12,918
USGS,9058000,7/6/12,939
USGS,9058000,7/7/12,996
USGS,9058000,7/8/12,1050
USGS,9058000,7/9/12,883
USGS,9058000,7/10/12,896
USGS,9058000,7/11/12,903
USGS,9058000,7/12/12,925
USGS,9058000,7/13/12,950
USGS,9058000,7/14/12,925
USGS,9058000,7/15/12,984
USGS,9058000,7/16/12,1050
USGS,9058000,7/17/12,1120
USGS,9058000,7/18/12,1080
USGS,9058000,7/19/12,1110
USGS,9058000,7/20/12,1040
USGS,9058000,7/21/12,1040
USGS,9058000,7/22/12,1030
USGS,9058000,7/23/12,996
USGS,9058000,7/24/12,1020
USGS,9058000,7/25/12,1120
USGS,9058000,7/26/12,1090
USGS,9058000,7/27/12,1020
USGS,9058000,7/28/12,1030
USGS,9058000,7/29/12,1010
USGS,9058000,7/30/12,1020
USGS,9058000,7/31/12,1020
USGS,9058000,8/1/12,927
USGS,9058000,8/2/12,1110
USGS,9058000,8/3/12,1090
USGS,9058000,8/4/12,1070
USGS,9058000,8/5/12,1050
USGS,9058000,8/6/12,1040
USGS,9058000,8/7/12,1120
USGS,9058000,8/8/12,1150
USGS,9058000,8/9/12,1130
USGS,9058000,8/10/12,1040
USGS,9058000,8/11/12,1020
USGS,9058000,8/12/12,1020
USGS,9058000,8/13/12,986
USGS,9058000,8/14/12,910
USGS,9058000,8/15/12,897
USGS,9058000,8/16/12,896
USGS,9058000,8/17/12,962
USGS,9058000,8/18/12,964
USGS,9058000,8/19/12,948
USGS,9058000,8/20/12,947
USGS,9058000,8/21/12,923
USGS,9058000,8/22/12,976
USGS,9058000,8/23/12,990
USGS,9058000,8/24/12,1000
USGS,9058000,8/25/12,1030
USGS,9058000,8/26/12,1010
USGS,9058000,8/27/12,995
USGS,9058000,8/28/12,949
USGS,9058000,8/29/12,928
USGS,9058000,8/30/12,937
USGS,9058000,8/31/12,936
USGS,9058000,9/1/12,989
USGS,9058000,9/2/12,995
USGS,9058000,9/3/12,996
USGS,9058000,9/4/12,993
USGS,9058000,9/5/12,912
USGS,9058000,9/6/12,834
USGS,9058000,9/7/12,841
USGS,9058000,9/8/12,844
USGS,9058000,9/9/12,839
USGS,9058000,9/10/12,827
USGS,9058000,9/11/12,832
USGS,9058000,9/12/12,846
USGS,9058000,9/13/12,808
USGS,9058000,9/14/12,795
USGS,9058000,9/15/12,763
USGS,9058000,9/16/12,768
USGS,9058000,9/17/12,761
USGS,9058000,9/18/12,745
USGS,9058000,9/19/12,770
USGS,9058000,9/20/12,741
USGS,9058000,9/21/12,756
USGS,9058000,9/22/12,752
USGS,9058000,9/23/12,755
USGS,9058000,9/24/12,755
USGS,9058000,9/25/12,743
USGS,9058000,9/26/12,741
USGS,9058000,9/27/12,711
USGS,9058000,9/28/12,720
USGS,9058000,9/29/12,744
USGS,9058000,9/30/12,738
USGS,9058000,10/1/12,763
USGS,9058000,10/2/12,727
USGS,9058000,10/3/12,703
USGS,9058000,10/4/12,715
USGS,9058000,10/5/12,703
USGS,9058000,10/6/12,678
USGS,9058000,10/7/12,675
USGS,9058000,10/8/12,648
USGS,9058000,10/9/12,623
USGS,9058000,10/10/12,599
USGS,9058000,10/11/12,595
USGS,9058000,10/12/12,590
USGS,9058000,10/13/12,632
USGS,9058000,10/14/12,643
USGS,9058000,10/15/12,636
USGS,9058000,10/16/12,614
USGS,9058000,10/17/12,619
USGS,9058000,10/18/12,629
USGS,9058000,10/19/12,632
USGS,9058000,10/20/12,628
USGS,9058000,10/21/12,621
USGS,9058000,10/22/12,620
USGS,9058000,10/23/12,596
USGS,9058000,10/24/12,442
USGS,9058000,10/25/12,426
USGS,9058000,10/26/12,432
USGS,9058000,10/27/12,437
USGS,9058000,10/28/12,432
USGS,9058000,10/29/12,435
USGS,9058000,10/30/12,441
USGS,9058000,10/31/12,438
USGS,9058000,11/1/12,425
USGS,9058000,11/2/12,420
USGS,9058000,11/3/12,416
USGS,9058000,11/4/12,414
USGS,9058000,11/5/12,415
USGS,9058000,11/6/12,416
USGS,9058000,11/7/12,415
USGS,9058000,11/8/12,429
USGS,9058000,11/9/12,441
USGS,9058000,11/10/12,454
USGS,9058000,11/11/12,445
USGS,9058000,11/12/12,389
USGS,9058000,11/13/12,383
USGS,9058000,11/14/12,330
USGS,9058000,11/15/12,365
USGS,9058000,11/16/12,346
USGS,9058000,11/17/12,357
USGS,9058000,11/18/12,350
USGS,9058000,11/19/12,361
USGS,9058000,11/20/12,353
USGS,9058000,11/21/12,352
USGS,9058000,11/22/12,351
USGS,9058000,11/23/12,323
USGS,9058000,11/24/12,321
USGS,9058000,11/25/12,323
USGS,9058000,11/26/12,326
USGS,9058000,11/27/12,314
USGS,9058000,11/28/12,310
USGS,9058000,11/29/12,337
USGS,9058000,11/30/12,332
USGS,9058000,12/1/12,330
USGS,9058000,12/2/12,308
USGS,9058000,12/3/12,315
USGS,9058000,12/4/12,292
USGS,9058000,12/5/12,292
USGS,9058000,12/6/12,327
USGS,9058000,12/7/12,311
USGS,9058000,12/8/12,317
USGS,9058000,12/9/12,321
USGS,9058000,12/10/12,327
USGS,9058000,12/11/12,346
USGS,9058000,12/12/12,358
USGS,9058000,12/13/12,361
USGS,9058000,12/14/12,358
USGS,9058000,12/15/12,354
USGS,9058000,12/16/12,372
USGS,9058000,12/17/12,379
USGS,9058000,12/18/12,318
USGS,9058000,12/19/12,278
USGS,9058000,12/20/12,324
USGS,9058000,12/21/12,357
USGS,9058000,12/22/12,372
USGS,9058000,12/23/12,394
USGS,9058000,12/24/12,418
USGS,9058000,12/25/12,429
USGS,9058000,12/26/12,447
USGS,9058000,12/27/12,454
USGS,9058000,12/28/12,446
USGS,9058000,12/29/12,432
USGS,9058000,12/30/12,435
USGS,9058000,12/31/12,463
USGS,9058000,1/1/13,451
USGS,9058000,1/2/13,440
USGS,9058000,1/3/13,435
USGS,9058000,1/4/13,434
USGS,9058000,1/5/13,432
USGS,9058000,1/6/13,428
USGS,9058000,1/7/13,428
USGS,9058000,1/8/13,434
USGS,9058000,1/9/13,435
USGS,9058000,1/10/13,435
USGS,9058000,1/11/13,435
USGS,9058000,1/12/13,439
USGS,9058000,1/13/13,437
USGS,9058000,1/14/13,437
USGS,9058000,1/15/13,437
USGS,9058000,1/16/13,437
USGS,9058000,1/17/13,435
USGS,9058000,1/18/13,434
USGS,9058000,1/19/13,434
USGS,9058000,1/20/13,432
USGS,9058000,1/21/13,427
USGS,9058000,1/22/13,424
USGS,9058000,1/23/13,409
USGS,9058000,1/24/13,425
USGS,9058000,1/25/13,430
USGS,9058000,1/26/13,432
USGS,9058000,1/27/13,428
USGS,9058000,1/28/13,430
USGS,9058000,1/29/13,429
USGS,9058000,1/30/13,428
USGS,9058000,1/31/13,433
USGS,9058000,2/1/13,437
USGS,9058000,2/2/13,435
USGS,9058000,2/3/13,432
USGS,9058000,2/4/13,430
USGS,9058000,2/5/13,428
USGS,9058000,2/6/13,418
USGS,9058000,2/7/13,424
USGS,9058000,2/8/13,422
USGS,9058000,2/9/13,422
USGS,9058000,2/10/13,416
USGS,9058000,2/11/13,418
USGS,9058000,2/12/13,416
USGS,9058000,2/13/13,402
USGS,9058000,2/14/13,390
USGS,9058000,2/15/13,381
USGS,9058000,2/16/13,376
USGS,9058000,2/17/13,371
USGS,9058000,2/18/13,371
USGS,9058000,2/19/13,373
USGS,9058000,2/20/13,378
USGS,9058000,2/21/13,378
USGS,9058000,2/22/13,379
USGS,9058000,2/23/13,388
USGS,9058000,2/24/13,398
USGS,9058000,2/25/13,401
USGS,9058000,2/26/13,405
USGS,9058000,2/27/13,405
USGS,9058000,2/28/13,401
USGS,9058000,3/1/13,401
USGS,9058000,3/2/13,400
USGS,9058000,3/3/13,392
USGS,9058000,3/4/13,394
USGS,9058000,3/5/13,394
USGS,9058000,3/6/13,400
USGS,9058000,3/7/13,400
USGS,9058000,3/8/13,405
USGS,9058000,3/9/13,403
USGS,9058000,3/10/13,396
USGS,9058000,3/11/13,392
USGS,9058000,3/12/13,385
USGS,9058000,3/13/13,401
USGS,9058000,3/14/13,420
USGS,9058000,3/15/13,437
USGS,9058000,3/16/13,441
USGS,9058000,3/17/13,424
USGS,9058000,3/18/13,405
USGS,9058000,3/19/13,392
USGS,9058000,3/20/13,383
USGS,9058000,3/21/13,385
USGS,9058000,3/22/13,385
USGS,9058000,3/23/13,388
USGS,9058000,3/24/13,394
USGS,9058000,3/25/13,391
USGS,9058000,3/26/13,396
USGS,9058000,3/27/13,389
USGS,9058000,3/28/13,394
USGS,9058000,3/29/13,393
USGS,9058000,3/30/13,391
USGS,9058000,3/31/13,391
USGS,9058000,4/1/13,391
USGS,9058000,4/2/13,391
USGS,9058000,4/3/13,386
USGS,9058000,4/4/13,390
USGS,9058000,4/5/13,422
USGS,9058000,4/6/13,434
USGS,9058000,4/7/13,422
USGS,9058000,4/8/13,407
USGS,9058000,4/9/13,366
USGS,9058000,4/10/13,343
USGS,9058000,4/11/13,320
USGS,9058000,4/12/13,311
USGS,9058000,4/13/13,292
USGS,9058000,4/14/13,498
USGS,9058000,4/15/13,569
USGS,9058000,4/16/13,524
USGS,9058000,4/17/13,372
USGS,9058000,4/18/13,351
USGS,9058000,4/19/13,306
USGS,9058000,4/20/13,323
USGS,9058000,4/21/13,329
USGS,9058000,4/22/13,425
USGS,9058000,4/23/13,467
USGS,9058000,4/24/13,400
USGS,9058000,4/25/13,334
USGS,9058000,4/26/13,333
USGS,9058000,4/27/13,376
USGS,9058000,4/28/13,434
USGS,9058000,4/29/13,476
USGS,9058000,4/30/13,566
USGS,9058000,5/1/13,612
USGS,9058000,5/2/13,535
USGS,9058000,5/3/13,500
USGS,9058000,5/4/13,480
USGS,9058000,5/5/13,461
USGS,9058000,5/6/13,460
USGS,9058000,5/7/13,492
USGS,9058000,5/8/13,550
USGS,9058000,5/9/13,584
USGS,9058000,5/10/13,588
USGS,9058000,5/11/13,599
USGS,9058000,5/12/13,607
USGS,9058000,5/13/13,644
USGS,9058000,5/14/13,779
USGS,9058000,5/15/13,974
USGS,9058000,5/16/13,1390
USGS,9058000,5/17/13,1610
USGS,9058000,5/18/13,1680
USGS,9058000,5/19/13,1600
USGS,9058000,5/20/13,1270
USGS,9058000,5/21/13,1090
USGS,9058000,5/22/13,884
USGS,9058000,5/23/13,740
USGS,9058000,5/24/13,730
USGS,9058000,5/25/13,778
USGS,9058000,5/26/13,771
USGS,9058000,5/27/13,759
USGS,9058000,5/28/13,702
USGS,9058000,5/29/13,638
USGS,9058000,5/30/13,674
USGS,9058000,5/31/13,582
USGS,9058000,6/1/13,520
USGS,9058000,6/2/13,466
USGS,9058000,6/3/13,414
USGS,9058000,6/4/13,420
USGS,9058000,6/5/13,409
USGS,9058000,6/6/13,392
USGS,9058000,6/7/13,395
USGS,9058000,6/8/13,431
USGS,9058000,6/9/13,511
USGS,9058000,6/10/13,523
USGS,9058000,6/11/13,502
USGS,9058000,6/12/13,455
USGS,9058000,6/13/13,443
USGS,9058000,6/14/13,434
USGS,9058000,6/15/13,480
USGS,9058000,6/16/13,515
USGS,9058000,6/17/13,514
USGS,9058000,6/18/13,499
USGS,9058000,6/19/13,468
USGS,9058000,6/20/13,476
USGS,9058000,6/21/13,538
USGS,9058000,6/22/13,543
USGS,9058000,6/23/13,539
USGS,9058000,6/24/13,547
USGS,9058000,6/25/13,567
USGS,9058000,6/26/13,587
USGS,9058000,6/27/13,532
USGS,9058000,6/28/13,489
USGS,9058000,6/29/13,437
USGS,9058000,6/30/13,450
USGS,9058000,7/1/13,465
USGS,9058000,7/2/13,528
USGS,9058000,7/3/13,541
USGS,9058000,7/4/13,560
USGS,9058000,7/5/13,583
USGS,9058000,7/6/13,714
USGS,9058000,7/7/13,704
USGS,9058000,7/8/13,662
USGS,9058000,7/9/13,637
USGS,9058000,7/10/13,654
USGS,9058000,7/11/13,745
USGS,9058000,7/12/13,715
USGS,9058000,7/13/13,783
USGS,9058000,7/14/13,732
USGS,9058000,7/15/13,731
USGS,9058000,7/16/13,765
USGS,9058000,7/17/13,804
USGS,9058000,7/18/13,783
USGS,9058000,7/19/13,661
USGS,9058000,7/20/13,599
USGS,9058000,7/21/13,554
USGS,9058000,7/22/13,556
USGS,9058000,7/23/13,632
USGS,9058000,7/24/13,832
USGS,9058000,7/25/13,1160
USGS,9058000,7/26/13,1210
USGS,9058000,7/27/13,1200
USGS,9058000,7/28/13,1220
USGS,9058000,7/29/13,1260
USGS,9058000,7/30/13,1210
USGS,9058000,7/31/13,1230
USGS,9058000,8/1/13,1210
USGS,9058000,8/2/13,1180
USGS,9058000,8/3/13,1100
USGS,9058000,8/4/13,1100
USGS,9058000,8/5/13,1190
USGS,9058000,8/6/13,1150
USGS,9058000,8/7/13,1140
USGS,9058000,8/8/13,1120
USGS,9058000,8/9/13,1100
USGS,9058000,8/10/13,1160
USGS,9058000,8/11/13,1220
USGS,9058000,8/12/13,1210
USGS,9058000,8/13/13,1240
USGS,9058000,8/14/13,1140
USGS,9058000,8/15/13,1070
USGS,9058000,8/16/13,1020
USGS,9058000,8/17/13,1000
USGS,9058000,8/18/13,1070
USGS,9058000,8/19/13,1140
USGS,9058000,8/20/13,1160
USGS,9058000,8/21/13,1180
USGS,9058000,8/22/13,1190
USGS,9058000,8/23/13,1220
USGS,9058000,8/24/13,1270
USGS,9058000,8/25/13,1250
USGS,9058000,8/26/13,1240
USGS,9058000,8/27/13,1250
USGS,9058000,8/28/13,1280
USGS,9058000,8/29/13,1290
USGS,9058000,8/30/13,1300
USGS,9058000,8/31/13,1310
USGS,9058000,9/1/13,1260
USGS,9058000,9/2/13,1250
USGS,9058000,9/3/13,1200
USGS,9058000,9/4/13,1120
USGS,9058000,9/5/13,1170
USGS,9058000,9/6/13,1230
USGS,9058000,9/7/13,1240
USGS,9058000,9/8/13,1250
USGS,9058000,9/9/13,1220
USGS,9058000,9/10/13,1170
USGS,9058000,9/11/13,1100
USGS,9058000,9/12/13,1080
USGS,9058000,9/13/13,1050
USGS,9058000,9/14/13,922
USGS,9058000,9/15/13,682
USGS,9058000,9/16/13,665
USGS,9058000,9/17/13,623
USGS,9058000,9/18/13,725
USGS,9058000,9/19/13,803
USGS,9058000,9/20/13,848
USGS,9058000,9/21/13,802
USGS,9058000,9/22/13,779
USGS,9058000,9/23/13,809
USGS,9058000,9/24/13,784
USGS,9058000,9/25/13,687
USGS,9058000,9/26/13,691
USGS,9058000,9/27/13,704
USGS,9058000,9/28/13,725
USGS,9058000,9/29/13,744
USGS,9058000,9/30/13,721
USGS,9058000,10/1/13,679
USGS,9058000,10/2/13,645
USGS,9058000,10/3/13,726
USGS,9058000,10/4/13,834
USGS,9058000,10/5/13,839
USGS,9058000,10/6/13,837
USGS,9058000,10/7/13,831
USGS,9058000,10/8/13,795
USGS,9058000,10/9/13,774
USGS,9058000,10/10/13,697
USGS,9058000,10/11/13,689
USGS,9058000,10/12/13,695
USGS,9058000,10/13/13,706
USGS,9058000,10/14/13,752
USGS,9058000,10/15/13,766
USGS,9058000,10/16/13,758
USGS,9058000,10/17/13,748
USGS,9058000,10/18/13,743
USGS,9058000,10/19/13,750
USGS,9058000,10/20/13,730
USGS,9058000,10/21/13,740
USGS,9058000,10/22/13,768
USGS,9058000,10/23/13,815
USGS,9058000,10/24/13,794
USGS,9058000,10/25/13,865
USGS,9058000,10/26/13,865
USGS,9058000,10/27/13,858
USGS,9058000,10/28/13,953
USGS,9058000,10/29/13,1010
USGS,9058000,10/30/13,1020
USGS,9058000,10/31/13,911
USGS,9058000,11/1/13,811
USGS,9058000,11/2/13,707
USGS,9058000,11/3/13,690
USGS,9058000,11/4/13,698
USGS,9058000,11/5/13,719
USGS,9058000,11/6/13,693
USGS,9058000,11/7/13,686
USGS,9058000,11/8/13,700
USGS,9058000,11/9/13,699
USGS,9058000,11/10/13,696
USGS,9058000,11/11/13,685
USGS,9058000,11/12/13,678
USGS,9058000,11/13/13,601
USGS,9058000,11/14/13,598
USGS,9058000,11/15/13,598
USGS,9058000,11/16/13,598
USGS,9058000,11/17/13,597
USGS,9058000,11/18/13,582
USGS,9058000,11/19/13,573
USGS,9058000,11/20/13,599
USGS,9058000,11/21/13,605
USGS,9058000,11/22/13,582
USGS,9058000,11/23/13,575
USGS,9058000,11/24/13,576
USGS,9058000,11/25/13,564
USGS,9058000,11/26/13,635
USGS,9058000,11/27/13,631
USGS,9058000,11/28/13,625
USGS,9058000,11/29/13,634
USGS,9058000,11/30/13,635
USGS,9058000,12/1/13,627
USGS,9058000,12/2/13,589
USGS,9058000,12/3/13,540
USGS,9058000,12/4/13,488
USGS,9058000,12/5/13,456
USGS,9058000,12/6/13,463
USGS,9058000,12/7/13,457
USGS,9058000,12/8/13,463
USGS,9058000,12/9/13,479
USGS,9058000,12/10/13,495
USGS,9058000,12/11/13,492
USGS,9058000,12/12/13,489
USGS,9058000,12/13/13,479
USGS,9058000,12/14/13,476
USGS,9058000,12/15/13,486
USGS,9058000,12/16/13,476
USGS,9058000,12/17/13,460
USGS,9058000,12/18/13,454
USGS,9058000,12/19/13,457
USGS,9058000,12/20/13,460
USGS,9058000,12/21/13,452
USGS,9058000,12/22/13,460
USGS,9058000,12/23/13,460
USGS,9058000,12/24/13,468
USGS,9058000,12/25/13,460
USGS,9058000,12/26/13,462
USGS,9058000,12/27/13,469
USGS,9058000,12/28/13,476
USGS,9058000,12/29/13,465
USGS,9058000,12/30/13,518
USGS,9058000,12/31/13,567
USGS,9058000,1/1/14,533
USGS,9058000,1/2/14,539
USGS,9058000,1/3/14,557
USGS,9058000,1/4/14,570
USGS,9058000,1/5/14,561
USGS,9058000,1/6/14,557
USGS,9058000,1/7/14,566
USGS,9058000,1/8/14,572
USGS,9058000,1/9/14,570
USGS,9058000,1/10/14,563
USGS,9058000,1/11/14,560
USGS,9058000,1/12/14,570
USGS,9058000,1/13/14,572
USGS,9058000,1/14/14,560
USGS,9058000,1/15/14,557
USGS,9058000,1/16/14,550
USGS,9058000,1/17/14,555
USGS,9058000,1/18/14,558
USGS,9058000,1/19/14,560
USGS,9058000,1/20/14,565
USGS,9058000,1/21/14,565
USGS,9058000,1/22/14,567
USGS,9058000,1/23/14,567
USGS,9058000,1/24/14,563
USGS,9058000,1/25/14,563
USGS,9058000,1/26/14,565
USGS,9058000,1/27/14,540
USGS,9058000,1/28/14,500
USGS,9058000,1/29/14,478
USGS,9058000,1/30/14,460
USGS,9058000,1/31/14,460
USGS,9058000,2/1/14,469
USGS,9058000,2/2/14,468
USGS,9058000,2/3/14,480
USGS,9058000,2/4/14,498
USGS,9058000,2/5/14,518
USGS,9058000,2/6/14,535
USGS,9058000,2/7/14,539
USGS,9058000,2/8/14,540
USGS,9058000,2/9/14,555
USGS,9058000,2/10/14,569
USGS,9058000,2/11/14,581
USGS,9058000,2/12/14,581
USGS,9058000,2/13/14,594
USGS,9058000,2/14/14,593
USGS,9058000,2/15/14,603
USGS,9058000,2/16/14,613
USGS,9058000,2/17/14,608
USGS,9058000,2/18/14,595
USGS,9058000,2/19/14,600
USGS,9058000,2/20/14,599
USGS,9058000,2/21/14,605
USGS,9058000,2/22/14,604
USGS,9058000,2/23/14,599
USGS,9058000,2/24/14,605
USGS,9058000,2/25/14,626
USGS,9058000,2/26/14,648
USGS,9058000,2/27/14,706
USGS,9058000,2/28/14,724
USGS,9058000,3/1/14,775
USGS,9058000,3/2/14,792
USGS,9058000,3/3/14,787
USGS,9058000,3/4/14,779
USGS,9058000,3/5/14,808
USGS,9058000,3/6/14,862
USGS,9058000,3/7/14,884
USGS,9058000,3/8/14,893
USGS,9058000,3/9/14,892
USGS,9058000,3/10/14,894
USGS,9058000,3/11/14,906
USGS,9058000,3/12/14,887
USGS,9058000,3/13/14,884
USGS,9058000,3/14/14,910
USGS,9058000,3/15/14,1000
USGS,9058000,3/16/14,1020
USGS,9058000,3/17/14,1060
USGS,9058000,3/18/14,1060
USGS,9058000,3/19/14,1040
USGS,9058000,3/20/14,1040
USGS,9058000,3/21/14,1030
USGS,9058000,3/22/14,953
USGS,9058000,3/23/14,832
USGS,9058000,3/24/14,763
USGS,9058000,3/25/14,745
USGS,9058000,3/26/14,773
USGS,9058000,3/27/14,817
USGS,9058000,3/28/14,797
USGS,9058000,3/29/14,768
USGS,9058000,3/30/14,783
USGS,9058000,3/31/14,800
USGS,9058000,4/1/14,800
USGS,9058000,4/2/14,858
USGS,9058000,4/3/14,899
USGS,9058000,4/4/14,931
USGS,9058000,4/5/14,944
USGS,9058000,4/6/14,1080
USGS,9058000,4/7/14,1130
USGS,9058000,4/8/14,1170
USGS,9058000,4/9/14,1260
USGS,9058000,4/10/14,1400
USGS,9058000,4/11/14,1560
USGS,9058000,4/12/14,1810
USGS,9058000,4/13/14,1970
USGS,9058000,4/14/14,1810
USGS,9058000,4/15/14,1740
USGS,9058000,4/16/14,1730
USGS,9058000,4/17/14,1770
USGS,9058000,4/18/14,1870
USGS,9058000,4/19/14,2240
USGS,9058000,4/20/14,2390
USGS,9058000,4/21/14,2590
USGS,9058000,4/22/14,2810
USGS,9058000,4/23/14,2820
USGS,9058000,4/24/14,2680
USGS,9058000,4/25/14,2610
USGS,9058000,4/26/14,2860
USGS,9058000,4/27/14,3060
USGS,9058000,4/28/14,2990
USGS,9058000,4/29/14,2860
USGS,9058000,4/30/14,2700
USGS,9058000,5/1/14,2610
USGS,9058000,5/2/14,2570
USGS,9058000,5/3/14,2660
USGS,9058000,5/4/14,2860
USGS,9058000,5/5/14,3210
USGS,9058000,5/6/14,3470
USGS,9058000,5/7/14,3610
USGS,9058000,5/8/14,3680
USGS,9058000,5/9/14,3820
USGS,9058000,5/10/14,3810
USGS,9058000,5/11/14,3780
USGS,9058000,5/12/14,3510
USGS,9058000,5/13/14,3330
USGS,9058000,5/14/14,3200
USGS,9058000,5/15/14,3110
USGS,9058000,5/16/14,3110
USGS,9058000,5/17/14,3100
USGS,9058000,5/18/14,3200
USGS,9058000,5/19/14,3450
USGS,9058000,5/20/14,3790
USGS,9058000,5/21/14,4310
USGS,9058000,5/22/14,4730
USGS,9058000,5/23/14,4920
USGS,9058000,5/24/14,5100
USGS,9058000,5/25/14,5900
USGS,9058000,5/26/14,6880
USGS,9058000,5/27/14,6720
USGS,9058000,5/28/14,6410
USGS,9058000,5/29/14,6540
USGS,9058000,5/30/14,6950
USGS,9058000,5/31/14,7470
USGS,9058000,6/1/14,7670
USGS,9058000,6/2/14,7270
USGS,9058000,6/3/14,7050
USGS,9058000,6/4/14,7270
USGS,9058000,6/5/14,7420
USGS,9058000,6/6/14,7110
USGS,9058000,6/7/14,6710
USGS,9058000,6/8/14,6190
USGS,9058000,6/9/14,6010
USGS,9058000,6/10/14,5840
USGS,9058000,6/11/14,5680
USGS,9058000,6/12/14,5380
USGS,9058000,6/13/14,5030
USGS,9058000,6/14/14,4620
USGS,9058000,6/15/14,4570
USGS,9058000,6/16/14,4290
USGS,9058000,6/17/14,3770
USGS,9058000,6/18/14,3150
USGS,9058000,6/19/14,3100
USGS,9058000,6/20/14,3050
USGS,9058000,6/21/14,3020
USGS,9058000,6/22/14,2900
USGS,9058000,6/23/14,2910
USGS,9058000,6/24/14,2830
USGS,9058000,6/25/14,2780
USGS,9058000,6/26/14,2610
USGS,9058000,6/27/14,2710
USGS,9058000,6/28/14,2890
USGS,9058000,6/29/14,2930
USGS,9058000,6/30/14,2870
USGS,9058000,7/1/14,2860
USGS,9058000,7/2/14,3120
USGS,9058000,7/3/14,3170
USGS,9058000,7/4/14,3100
USGS,9058000,7/5/14,3080
USGS,9058000,7/6/14,3060
USGS,9058000,7/7/14,2990
USGS,9058000,7/8/14,2650
USGS,9058000,7/9/14,2440
USGS,9058000,7/10/14,2440
USGS,9058000,7/11/14,2460
USGS,9058000,7/12/14,2460
USGS,9058000,7/13/14,2460
USGS,9058000,7/14/14,2380
USGS,9058000,7/15/14,2310
USGS,9058000,7/16/14,2220
USGS,9058000,7/17/14,2370
USGS,9058000,7/18/14,2610
USGS,9058000,7/19/14,2630
USGS,9058000,7/20/14,2560
USGS,9058000,7/21/14,2170
USGS,9058000,7/22/14,1850
USGS,9058000,7/23/14,1650
USGS,9058000,7/24/14,1600
USGS,9058000,7/25/14,1630
USGS,9058000,7/26/14,1720
USGS,9058000,7/27/14,1790
USGS,9058000,7/28/14,1760
USGS,9058000,7/29/14,1760
USGS,9058000,7/30/14,1780
USGS,9058000,7/31/14,2010
USGS,9058000,8/1/14,2380
USGS,9058000,8/2/14,2490
USGS,9058000,8/3/14,2270
USGS,9058000,8/4/14,2020
USGS,9058000,8/5/14,1510
USGS,9058000,8/6/14,1150
USGS,9058000,8/7/14,1190
USGS,9058000,8/8/14,1180
USGS,9058000,8/9/14,1100
USGS,9058000,8/10/14,1020
USGS,9058000,8/11/14,942
USGS,9058000,8/12/14,982
USGS,9058000,8/13/14,998
USGS,9058000,8/14/14,1160
USGS,9058000,8/15/14,1200
USGS,9058000,8/16/14,1170
USGS,9058000,8/17/14,1160
USGS,9058000,8/18/14,1160
USGS,9058000,8/19/14,1140
USGS,9058000,8/20/14,1100
USGS,9058000,8/21/14,1160
USGS,9058000,8/22/14,1150
USGS,9058000,8/23/14,1180
USGS,9058000,8/24/14,1190
USGS,9058000,8/25/14,1200
USGS,9058000,8/26/14,1130
USGS,9058000,8/27/14,1100
USGS,9058000,8/28/14,1120
USGS,9058000,8/29/14,1130
USGS,9058000,8/30/14,1170
USGS,9058000,8/31/14,1140
USGS,9058000,9/1/14,1300
USGS,9058000,9/2/14,1220
USGS,9058000,9/3/14,1120
USGS,9058000,9/4/14,1200
USGS,9058000,9/5/14,1220
USGS,9058000,9/6/14,1220
USGS,9058000,9/7/14,1200
USGS,9058000,9/8/14,1190
USGS,9058000,9/9/14,1210
USGS,9058000,9/10/14,1300
USGS,9058000,9/11/14,1340
USGS,9058000,9/12/14,1330
USGS,9058000,9/13/14,1290
USGS,9058000,9/14/14,1280
USGS,9058000,9/15/14,1280
USGS,9058000,9/16/14,1240
USGS,9058000,9/17/14,1230
USGS,9058000,9/18/14,1250
USGS,9058000,9/19/14,1280
USGS,9058000,9/20/14,1300
USGS,9058000,9/21/14,1300
USGS,9058000,9/22/14,1360
USGS,9058000,9/23/14,1410
USGS,9058000,9/24/14,1390
USGS,9058000,9/25/14,1380
USGS,9058000,9/26/14,1390
USGS,9058000,9/27/14,1380
USGS,9058000,9/28/14,1370
USGS,9058000,9/29/14,1390
USGS,9058000,9/30/14,1550
USGS,9058000,10/1/14,1530
USGS,9058000,10/2/14,1370
USGS,9058000,10/3/14,1240
USGS,9058000,10/4/14,1180
USGS,9058000,10/5/14,1230
USGS,9058000,10/6/14,1240
USGS,9058000,10/7/14,1220
USGS,9058000,10/8/14,1270
USGS,9058000,10/9/14,1200
USGS,9058000,10/10/14,1210
USGS,9058000,10/11/14,1220
USGS,9058000,10/12/14,1230
USGS,9058000,10/13/14,1250
USGS,9058000,10/14/14,1220
USGS,9058000,10/15/14,1170
USGS,9058000,10/16/14,1150
USGS,9058000,10/17/14,1130
USGS,9058000,10/18/14,1130
USGS,9058000,10/19/14,1100
USGS,9058000,10/20/14,1100
USGS,9058000,10/21/14,1090
USGS,9058000,10/22/14,1110
USGS,9058000,10/23/14,1090
USGS,9058000,10/24/14,1080
USGS,9058000,10/25/14,1080
USGS,9058000,10/26/14,1070
USGS,9058000,10/27/14,1090
USGS,9058000,10/28/14,1090
USGS,9058000,10/29/14,1050
USGS,9058000,10/30/14,937
USGS,9058000,10/31/14,852
USGS,9058000,11/1/14,749
USGS,9058000,11/2/14,687
USGS,9058000,11/3/14,693
USGS,9058000,11/4/14,691
USGS,9058000,11/5/14,695
USGS,9058000,11/6/14,730
USGS,9058000,11/7/14,728
USGS,9058000,11/8/14,733
USGS,9058000,11/9/14,725
USGS,9058000,11/10/14,648
USGS,9058000,11/11/14,612
USGS,9058000,11/12/14,596
USGS,9058000,11/13/14,539
USGS,9058000,11/14/14,596
USGS,9058000,11/15/14,633
USGS,9058000,11/16/14,587
USGS,9058000,11/17/14,577
USGS,9058000,11/18/14,545
USGS,9058000,11/19/14,594
USGS,9058000,11/20/14,583
USGS,9058000,11/21/14,621
USGS,9058000,11/22/14,612
USGS,9058000,11/23/14,626
USGS,9058000,11/24/14,605
USGS,9058000,11/25/14,572
USGS,9058000,11/26/14,627
USGS,9058000,11/27/14,614
USGS,9058000,11/28/14,611
USGS,9058000,11/29/14,606
USGS,9058000,11/30/14,612
USGS,9058000,12/1/14,610
USGS,9058000,12/2/14,607
USGS,9058000,12/3/14,616
USGS,9058000,12/4/14,615
USGS,9058000,12/5/14,605
USGS,9058000,12/6/14,615
USGS,9058000,12/7/14,621
USGS,9058000,12/8/14,594
USGS,9058000,12/9/14,555
USGS,9058000,12/10/14,554
USGS,9058000,12/11/14,567
USGS,9058000,12/12/14,592
USGS,9058000,12/13/14,570
USGS,9058000,12/14/14,582
USGS,9058000,12/15/14,559
USGS,9058000,12/16/14,473
USGS,9058000,12/17/14,515
USGS,9058000,12/18/14,549
USGS,9058000,12/19/14,558
USGS,9058000,12/20/14,562
USGS,9058000,12/21/14,567
USGS,9058000,12/22/14,551
USGS,9058000,12/23/14,552
USGS,9058000,12/24/14,555
USGS,9058000,12/25/14,568
USGS,9058000,12/26/14,575
USGS,9058000,12/27/14,566
USGS,9058000,12/28/14,545
USGS,9058000,12/29/14,565
USGS,9058000,12/30/14,528
USGS,9058000,12/31/14,475
USGS,9058000,1/1/15,519
USGS,9058000,1/2/15,520
USGS,9058000,1/3/15,520
USGS,9058000,1/4/15,520
USGS,9058000,1/5/15,520
USGS,9058000,1/6/15,520
USGS,9058000,1/7/15,520
USGS,9058000,1/8/15,520
USGS,9058000,1/9/15,520
USGS,9058000,1/10/15,520
USGS,9058000,1/11/15,520
USGS,9058000,1/12/15,522
USGS,9058000,1/13/15,524
USGS,9058000,1/14/15,521
USGS,9058000,1/15/15,511
USGS,9058000,1/16/15,493
USGS,9058000,1/17/15,494
USGS,9058000,1/18/15,495
USGS,9058000,1/19/15,495
USGS,9058000,1/20/15,495
USGS,9058000,1/21/15,497
USGS,9058000,1/22/15,488
USGS,9058000,1/23/15,478
USGS,9058000,1/24/15,469
USGS,9058000,1/25/15,536
USGS,9058000,1/26/15,536
USGS,9058000,1/27/15,516
USGS,9058000,1/28/15,504
USGS,9058000,1/29/15,514
USGS,9058000,1/30/15,526
USGS,9058000,1/31/15,570
USGS,9058000,2/1/15,597
USGS,9058000,2/2/15,623
USGS,9058000,2/3/15,648
USGS,9058000,2/4/15,616
USGS,9058000,2/5/15,594
USGS,9058000,2/6/15,634
USGS,9058000,2/7/15,643
USGS,9058000,2/8/15,641
USGS,9058000,2/9/15,618
USGS,9058000,2/10/15,633
USGS,9058000,2/11/15,648
USGS,9058000,2/12/15,621
USGS,9058000,2/13/15,623
USGS,9058000,2/14/15,618
USGS,9058000,2/15/15,650
USGS,9058000,2/16/15,631
USGS,9058000,2/17/15,606
USGS,9058000,2/18/15,616
USGS,9058000,2/19/15,595
USGS,9058000,2/20/15,601
USGS,9058000,2/21/15,596
USGS,9058000,2/22/15,592
USGS,9058000,2/23/15,583
USGS,9058000,2/24/15,581
USGS,9058000,2/25/15,589
USGS,9058000,2/26/15,590
USGS,9058000,2/27/15,597
USGS,9058000,2/28/15,582
USGS,9058000,3/1/15,586
USGS,9058000,3/2/15,585
USGS,9058000,3/3/15,553
USGS,9058000,3/4/15,537
USGS,9058000,3/5/15,506
USGS,9058000,3/6/15,531
USGS,9058000,3/7/15,559
USGS,9058000,3/8/15,561
USGS,9058000,3/9/15,561
USGS,9058000,3/10/15,568
USGS,9058000,3/11/15,572
USGS,9058000,3/12/15,543
USGS,9058000,3/13/15,563
USGS,9058000,3/14/15,592
USGS,9058000,3/15/15,607
USGS,9058000,3/16/15,697
USGS,9058000,3/17/15,774
USGS,9058000,3/18/15,848
USGS,9058000,3/19/15,839
USGS,9058000,3/20/15,841
USGS,9058000,3/21/15,840
USGS,9058000,3/22/15,870
USGS,9058000,3/23/15,915
USGS,9058000,3/24/15,932
USGS,9058000,3/25/15,890
USGS,9058000,3/26/15,830
USGS,9058000,3/27/15,802
USGS,9058000,3/28/15,832
USGS,9058000,3/29/15,934
USGS,9058000,3/30/15,994
USGS,9058000,3/31/15,993
USGS,9058000,4/1/15,1040
USGS,9058000,4/2/15,1080
USGS,9058000,4/3/15,1040
USGS,9058000,4/4/15,975
USGS,9058000,4/5/15,939
USGS,9058000,4/6/15,941
USGS,9058000,4/7/15,985
USGS,9058000,4/8/15,1020
USGS,9058000,4/9/15,1040
USGS,9058000,4/10/15,1060
USGS,9058000,4/11/15,1040
USGS,9058000,4/12/15,1000
USGS,9058000,4/13/15,937
USGS,9058000,4/14/15,936
USGS,9058000,4/15/15,942
USGS,9058000,4/16/15,1010
USGS,9058000,4/17/15,1110
USGS,9058000,4/18/15,1110
USGS,9058000,4/19/15,1000
USGS,9058000,4/20/15,955
USGS,9058000,4/21/15,944
USGS,9058000,4/22/15,901
USGS,9058000,4/23/15,831
USGS,9058000,4/24/15,803
USGS,9058000,4/25/15,797
USGS,9058000,4/26/15,864
USGS,9058000,4/27/15,909
USGS,9058000,4/28/15,878
USGS,9058000,4/29/15,849
USGS,9058000,4/30/15,892
USGS,9058000,5/1/15,977
USGS,9058000,5/2/15,1470
USGS,9058000,5/3/15,1710
USGS,9058000,5/4/15,1820
USGS,9058000,5/5/15,2020
USGS,9058000,5/6/15,2120
USGS,9058000,5/7/15,2260
USGS,9058000,5/8/15,2510
USGS,9058000,5/9/15,2800
USGS,9058000,5/10/15,2970
USGS,9058000,5/11/15,2960
USGS,9058000,5/12/15,2900
USGS,9058000,5/13/15,2600
USGS,9058000,5/14/15,2610
USGS,9058000,5/15/15,2580
USGS,9058000,5/16/15,2350
USGS,9058000,5/17/15,2310
USGS,9058000,5/18/15,2310
USGS,9058000,5/19/15,2260
USGS,9058000,5/20/15,2430
USGS,9058000,5/21/15,2510
USGS,9058000,5/22/15,2640
USGS,9058000,5/23/15,2930
USGS,9058000,5/24/15,3090
USGS,9058000,5/25/15,3240
USGS,9058000,5/26/15,3430
USGS,9058000,5/27/15,3560
USGS,9058000,5/28/15,3790
USGS,9058000,5/29/15,4270
USGS,9058000,5/30/15,4560
USGS,9058000,5/31/15,4570
USGS,9058000,6/1/15,4620
USGS,9058000,6/2/15,4900
USGS,9058000,6/3/15,5610
USGS,9058000,6/4/15,6080
USGS,9058000,6/5/15,6360
USGS,9058000,6/6/15,6620
USGS,9058000,6/7/15,6660
USGS,9058000,6/8/15,6480
USGS,9058000,6/9/15,5580
USGS,9058000,6/10/15,5090
USGS,9058000,6/11/15,5150
USGS,9058000,6/12/15,5620
USGS,9058000,6/13/15,6240
USGS,9058000,6/14/15,6400
USGS,9058000,6/15/15,6440
USGS,9058000,6/16/15,6440
USGS,9058000,6/17/15,6850
USGS,9058000,6/18/15,7360
USGS,9058000,6/19/15,7820
USGS,9058000,6/20/15,7790
USGS,9058000,6/21/15,7740
USGS,9058000,6/22/15,7590
USGS,9058000,6/23/15,7070
USGS,9058000,6/24/15,6340
USGS,9058000,6/25/15,5240
USGS,9058000,6/26/15,4710
USGS,9058000,6/27/15,4330
USGS,9058000,6/28/15,3870
USGS,9058000,6/29/15,3700
USGS,9058000,6/30/15,3360
USGS,9058000,7/1/15,3330
USGS,9058000,7/2/15,3310
USGS,9058000,7/3/15,3190
USGS,9058000,7/4/15,2960
USGS,9058000,7/5/15,2810
USGS,9058000,7/6/15,2900
USGS,9058000,7/7/15,2880
USGS,9058000,7/8/15,3110
USGS,9058000,7/9/15,3610
USGS,9058000,7/10/15,3940
USGS,9058000,7/11/15,3470
USGS,9058000,7/12/15,2990
USGS,9058000,7/13/15,2710
USGS,9058000,7/14/15,2430
USGS,9058000,7/15/15,2380
USGS,9058000,7/16/15,2350
USGS,9058000,7/17/15,2460
USGS,9058000,7/18/15,2470
USGS,9058000,7/19/15,2320
USGS,9058000,7/20/15,1850
USGS,9058000,7/21/15,1760
USGS,9058000,7/22/15,1680
USGS,9058000,7/23/15,1630
USGS,9058000,7/24/15,1540
USGS,9058000,7/25/15,1520
USGS,9058000,7/26/15,1460
USGS,9058000,7/27/15,1370
USGS,9058000,7/28/15,1220
USGS,9058000,7/29/15,1100
USGS,9058000,7/30/15,1040
USGS,9058000,7/31/15,892
USGS,9058000,8/1/15,921
USGS,9058000,8/2/15,954
USGS,9058000,8/3/15,945
USGS,9058000,8/4/15,996
USGS,9058000,8/5/15,1070
USGS,9058000,8/6/15,976
USGS,9058000,8/7/15,923
USGS,9058000,8/8/15,979
USGS,9058000,8/9/15,991
USGS,9058000,8/10/15,932
USGS,9058000,8/11/15,962
USGS,9058000,8/12/15,1030
USGS,9058000,8/13/15,1080
USGS,9058000,8/14/15,1150
USGS,9058000,8/15/15,1210
USGS,9058000,8/16/15,1230
USGS,9058000,8/17/15,1180
USGS,9058000,8/18/15,1220
USGS,9058000,8/19/15,1200
USGS,9058000,8/20/15,1190
USGS,9058000,8/21/15,1100
USGS,9058000,8/22/15,1080
USGS,9058000,8/23/15,1070
USGS,9058000,8/24/15,1030
USGS,9058000,8/25/15,1120
USGS,9058000,8/26/15,1220
USGS,9058000,8/27/15,1330
USGS,9058000,8/28/15,1220
USGS,9058000,8/29/15,1130
USGS,9058000,8/30/15,1110
USGS,9058000,8/31/15,1110
USGS,9058000,9/1/15,1150
USGS,9058000,9/2/15,1180
USGS,9058000,9/3/15,1190
USGS,9058000,9/4/15,1250
USGS,9058000,9/5/15,1290
USGS,9058000,9/6/15,1270
USGS,9058000,9/7/15,1250
USGS,9058000,9/8/15,1260
USGS,9058000,9/9/15,1240
USGS,9058000,9/10/15,1200
USGS,9058000,9/11/15,1170
USGS,9058000,9/12/15,1140
USGS,9058000,9/13/15,1140
USGS,9058000,9/14/15,1130
USGS,9058000,9/15/15,1120
USGS,9058000,9/16/15,1120
USGS,9058000,9/17/15,1090
USGS,9058000,9/18/15,1040
USGS,9058000,9/19/15,1050
USGS,9058000,9/20/15,1000
USGS,9058000,9/21/15,1010
USGS,9058000,9/22/15,971
USGS,9058000,9/23/15,958
USGS,9058000,9/24/15,1170
USGS,9058000,9/25/15,1210
USGS,9058000,9/26/15,1220
USGS,9058000,9/27/15,1220
USGS,9058000,9/28/15,1190
USGS,9058000,9/29/15,1160
USGS,9058000,9/30/15,1110
USGS,9058000,10/1/15,1080
USGS,9058000,10/2/15,1060
USGS,9058000,10/3/15,1010
USGS,9058000,10/4/15,1010
USGS,9058000,10/5/15,1010
USGS,9058000,10/6/15,1020
USGS,9058000,10/7/15,1020
USGS,9058000,10/8/15,1020
USGS,9058000,10/9/15,1010
USGS,9058000,10/10/15,1020
USGS,9058000,10/11/15,1010
USGS,9058000,10/12/15,1010
USGS,9058000,10/13/15,1000
USGS,9058000,10/14/15,1020
USGS,9058000,10/15/15,1030
USGS,9058000,10/16/15,1020
USGS,9058000,10/17/15,1050
USGS,9058000,10/18/15,1050
USGS,9058000,10/19/15,1060
USGS,9058000,10/20/15,1080
USGS,9058000,10/21/15,1090
USGS,9058000,10/22/15,1130
USGS,9058000,10/23/15,1190
USGS,9058000,10/24/15,1180
USGS,9058000,10/25/15,1170
USGS,9058000,10/26/15,1150
USGS,9058000,10/27/15,1150
USGS,9058000,10/28/15,997
USGS,9058000,10/29/15,881
USGS,9058000,10/30/15,844
USGS,9058000,10/31/15,774
USGS,9058000,11/1/15,665
USGS,9058000,11/2/15,618
USGS,9058000,11/3/15,600
USGS,9058000,11/4/15,602
USGS,9058000,11/5/15,604
USGS,9058000,11/6/15,610
USGS,9058000,11/7/15,635
USGS,9058000,11/8/15,633
USGS,9058000,11/9/15,624
USGS,9058000,11/10/15,572
USGS,9058000,11/11/15,557
USGS,9058000,11/12/15,542
USGS,9058000,11/13/15,568
USGS,9058000,11/14/15,577
USGS,9058000,11/15/15,574
USGS,9058000,11/16/15,587
USGS,9058000,11/17/15,555
USGS,9058000,11/18/15,544
USGS,9058000,11/19/15,521
USGS,9058000,11/20/15,537
USGS,9058000,11/21/15,500
USGS,9058000,11/22/15,504
USGS,9058000,11/23/15,510
USGS,9058000,11/24/15,509
USGS,9058000,11/25/15,510
USGS,9058000,11/26/15,534
USGS,9058000,11/27/15,532
USGS,9058000,11/28/15,509
USGS,9058000,11/29/15,499
USGS,9058000,11/30/15,521
USGS,9058000,12/1/15,499
USGS,9058000,12/2/15,530
USGS,9058000,12/3/15,525
USGS,9058000,12/4/15,497
USGS,9058000,12/5/15,466
USGS,9058000,12/6/15,445
USGS,9058000,12/7/15,452
USGS,9058000,12/8/15,453
USGS,9058000,12/9/15,435
USGS,9058000,12/10/15,423
USGS,9058000,12/11/15,441
USGS,9058000,12/12/15,453
USGS,9058000,12/13/15,446
USGS,9058000,12/14/15,400
USGS,9058000,12/15/15,435
USGS,9058000,12/16/15,500
USGS,9058000,12/17/15,483
USGS,9058000,12/18/15,508
USGS,9058000,12/19/15,496
USGS,9058000,12/20/15,493
USGS,9058000,12/21/15,505
USGS,9058000,12/22/15,497
USGS,9058000,12/23/15,503
USGS,9058000,12/24/15,508
USGS,9058000,12/25/15,491
USGS,9058000,12/26/15,479
USGS,9058000,12/27/15,444
USGS,9058000,12/28/15,450
USGS,9058000,12/29/15,476
USGS,9058000,12/30/15,478
USGS,9058000,12/31/15,476
USGS,9058000,1/1/16,459
USGS,9058000,1/2/16,447
USGS,9058000,1/3/16,470
USGS,9058000,1/4/16,493
USGS,9058000,1/5/16,470
USGS,9058000,1/6/16,475
USGS,9058000,1/7/16,453
USGS,9058000,1/8/16,467
USGS,9058000,1/9/16,475
USGS,9058000,1/10/16,478
USGS,9058000,1/11/16,462
USGS,9058000,1/12/16,442
USGS,9058000,1/13/16,453
USGS,9058000,1/14/16,464
USGS,9058000,1/15/16,474
USGS,9058000,1/16/16,471
USGS,9058000,1/17/16,474
USGS,9058000,1/18/16,503
USGS,9058000,1/19/16,486
USGS,9058000,1/20/16,469
USGS,9058000,1/21/16,508
USGS,9058000,1/22/16,503
USGS,9058000,1/23/16,517
USGS,9058000,1/24/16,513
USGS,9058000,1/25/16,542
USGS,9058000,1/26/16,535
USGS,9058000,1/27/16,492
USGS,9058000,1/28/16,461
USGS,9058000,1/29/16,451
USGS,9058000,1/30/16,471
USGS,9058000,1/31/16,470
USGS,9058000,2/1/16,464
USGS,9058000,2/2/16,486
USGS,9058000,2/3/16,483
USGS,9058000,2/4/16,467
USGS,9058000,2/5/16,475
USGS,9058000,2/6/16,472
USGS,9058000,2/7/16,482
USGS,9058000,2/8/16,502
USGS,9058000,2/9/16,502
USGS,9058000,2/10/16,488
USGS,9058000,2/11/16,467
USGS,9058000,2/12/16,466
USGS,9058000,2/13/16,472
USGS,9058000,2/14/16,477
USGS,9058000,2/15/16,505
USGS,9058000,2/16/16,516
USGS,9058000,2/17/16,508
USGS,9058000,2/18/16,514
USGS,9058000,2/19/16,537
USGS,9058000,2/20/16,544
USGS,9058000,2/21/16,527
USGS,9058000,2/22/16,492
USGS,9058000,2/23/16,486
USGS,9058000,2/24/16,478
USGS,9058000,2/25/16,475
USGS,9058000,2/26/16,462
USGS,9058000,2/27/16,452
USGS,9058000,2/28/16,461
USGS,9058000,2/29/16,462
USGS,9058000,3/1/16,461
USGS,9058000,3/2/16,471
USGS,9058000,3/3/16,478
USGS,9058000,3/4/16,472
USGS,9058000,3/5/16,474
USGS,9058000,3/6/16,496
USGS,9058000,3/7/16,503
USGS,9058000,3/8/16,512
USGS,9058000,3/9/16,532
USGS,9058000,3/10/16,526
USGS,9058000,3/11/16,539
USGS,9058000,3/12/16,548
USGS,9058000,3/13/16,560
USGS,9058000,3/14/16,572
USGS,9058000,3/15/16,564
USGS,9058000,3/16/16,529
USGS,9058000,3/17/16,524
USGS,9058000,3/18/16,539
USGS,9058000,3/19/16,537
USGS,9058000,3/20/16,512
USGS,9058000,3/21/16,538
USGS,9058000,3/22/16,575
USGS,9058000,3/23/16,614
USGS,9058000,3/24/16,569
USGS,9058000,3/25/16,569
USGS,9058000,3/26/16,557
USGS,9058000,3/27/16,545
USGS,9058000,3/28/16,551
USGS,9058000,3/29/16,567
USGS,9058000,3/30/16,580
USGS,9058000,3/31/16,546
USGS,9058000,4/1/16,531
USGS,9058000,4/2/16,523
USGS,9058000,4/3/16,563
USGS,9058000,4/4/16,608
USGS,9058000,4/5/16,674
USGS,9058000,4/6/16,675
USGS,9058000,4/7/16,697
USGS,9058000,4/8/16,768
USGS,9058000,4/9/16,805
USGS,9058000,4/10/16,846
USGS,9058000,4/11/16,873
USGS,9058000,4/12/16,699
USGS,9058000,4/13/16,683
USGS,9058000,4/14/16,804
USGS,9058000,4/15/16,835
USGS,9058000,4/16/16,792
USGS,9058000,4/17/16,704
USGS,9058000,4/18/16,673
USGS,9058000,4/19/16,663
USGS,9058000,4/20/16,678
USGS,9058000,4/21/16,699
USGS,9058000,4/22/16,739
USGS,9058000,4/23/16,858
USGS,9058000,4/24/16,1000
USGS,9058000,4/25/16,1010
USGS,9058000,4/26/16,1030
USGS,9058000,4/27/16,1030
USGS,9058000,4/28/16,978
USGS,9058000,4/29/16,977
USGS,9058000,4/30/16,977
USGS,9058000,5/1/16,920
USGS,9058000,5/2/16,901
USGS,9058000,5/3/16,934
USGS,9058000,5/4/16,1010
USGS,9058000,5/5/16,1140
USGS,9058000,5/6/16,1490
USGS,9058000,5/7/16,1770
USGS,9058000,5/8/16,1870
USGS,9058000,5/9/16,1830
USGS,9058000,5/10/16,2120
USGS,9058000,5/11/16,2310
USGS,9058000,5/12/16,2070
USGS,9058000,5/13/16,2000
USGS,9058000,5/14/16,2090
USGS,9058000,5/15/16,2260
USGS,9058000,5/16/16,2650
USGS,9058000,5/17/16,2920
USGS,9058000,5/18/16,2870
USGS,9058000,5/19/16,3040
USGS,9058000,5/20/16,3180
USGS,9058000,5/21/16,3250
USGS,9058000,5/22/16,3440
USGS,9058000,5/23/16,3580
USGS,9058000,5/24/16,3530
USGS,9058000,5/25/16,3250
USGS,9058000,5/26/16,3000
USGS,9058000,5/27/16,2840
USGS,9058000,5/28/16,2640
USGS,9058000,5/29/16,2530
USGS,9058000,5/30/16,2610
USGS,9058000,5/31/16,2570
USGS,9058000,6/1/16,2620
USGS,9058000,6/2/16,2760
USGS,9058000,6/3/16,2920
USGS,9058000,6/4/16,3620
USGS,9058000,6/5/16,4200
USGS,9058000,6/6/16,4470
USGS,9058000,6/7/16,4560
USGS,9058000,6/8/16,4690
USGS,9058000,6/9/16,4770
USGS,9058000,6/10/16,4640
USGS,9058000,6/11/16,3950
USGS,9058000,6/12/16,3700
USGS,9058000,6/13/16,3780
USGS,9058000,6/14/16,4060
USGS,9058000,6/15/16,4010
USGS,9058000,6/16/16,3710
USGS,9058000,6/17/16,3440
USGS,9058000,6/18/16,3260
USGS,9058000,6/19/16,3220
USGS,9058000,6/20/16,3220
USGS,9058000,6/21/16,3220
USGS,9058000,6/22/16,3470
USGS,9058000,6/23/16,4060
USGS,9058000,6/24/16,4480
USGS,9058000,6/25/16,4420
USGS,9058000,6/26/16,4040
USGS,9058000,6/27/16,3390
USGS,9058000,6/28/16,2620
USGS,9058000,6/29/16,2580
USGS,9058000,6/30/16,2370
USGS,9058000,7/1/16,2260
USGS,9058000,7/2/16,2440
USGS,9058000,7/3/16,2640
USGS,9058000,7/4/16,2470
USGS,9058000,7/5/16,2350
USGS,9058000,7/6/16,2230
USGS,9058000,7/7/16,1990
USGS,9058000,7/8/16,1860
USGS,9058000,7/9/16,1720
USGS,9058000,7/10/16,1700
USGS,9058000,7/11/16,1610
USGS,9058000,7/12/16,1490
USGS,9058000,7/13/16,1340
USGS,9058000,7/14/16,1210
USGS,9058000,7/15/16,1120
USGS,9058000,7/16/16,1030
USGS,9058000,7/17/16,1030
USGS,9058000,7/18/16,1030
USGS,9058000,7/19/16,1060
USGS,9058000,7/20/16,1030
USGS,9058000,7/21/16,995
USGS,9058000,7/22/16,1210
USGS,9058000,7/23/16,1260
USGS,9058000,7/24/16,1130
USGS,9058000,7/25/16,1000
USGS,9058000,7/26/16,1010
USGS,9058000,7/27/16,1010
USGS,9058000,7/28/16,1060
USGS,9058000,7/29/16,994
USGS,9058000,7/30/16,971
USGS,9058000,7/31/16,953
USGS,9058000,8/1/16,985
USGS,9058000,8/2/16,1090
USGS,9058000,8/3/16,1080
USGS,9058000,8/4/16,1060
USGS,9058000,8/5/16,1090
USGS,9058000,8/6/16,1190
USGS,9058000,8/7/16,1220
USGS,9058000,8/8/16,1190
USGS,9058000,8/9/16,1210
USGS,9058000,8/10/16,1160
USGS,9058000,8/11/16,1200
USGS,9058000,8/12/16,1180
USGS,9058000,8/13/16,1160
USGS,9058000,8/14/16,1160
USGS,9058000,8/15/16,1160
USGS,9058000,8/16/16,1130
USGS,9058000,8/17/16,1040
USGS,9058000,8/18/16,1160
USGS,9058000,8/19/16,1210
USGS,9058000,8/20/16,1190
USGS,9058000,8/21/16,1160
USGS,9058000,8/22/16,1210
USGS,9058000,8/23/16,1170
USGS,9058000,8/24/16,1170
USGS,9058000,8/25/16,1270
USGS,9058000,8/26/16,1280
USGS,9058000,8/27/16,1270
USGS,9058000,8/28/16,1260
USGS,9058000,8/29/16,1270
USGS,9058000,8/30/16,1260
USGS,9058000,8/31/16,1230
USGS,9058000,9/1/16,1190
USGS,9058000,9/2/16,1190
USGS,9058000,9/3/16,1190
USGS,9058000,9/4/16,1180
USGS,9058000,9/5/16,1180
USGS,9058000,9/6/16,1170
USGS,9058000,9/7/16,1210
USGS,9058000,9/8/16,1200
USGS,9058000,9/9/16,1200
USGS,9058000,9/10/16,1200
USGS,9058000,9/11/16,1200
USGS,9058000,9/12/16,1180
USGS,9058000,9/13/16,1150
USGS,9058000,9/14/16,1150
USGS,9058000,9/15/16,1090
USGS,9058000,9/16/16,1090
USGS,9058000,9/17/16,1080
USGS,9058000,9/18/16,1070
USGS,9058000,9/19/16,1050
USGS,9058000,9/20/16,1030
USGS,9058000,9/21/16,1010
USGS,9058000,9/22/16,1000
USGS,9058000,9/23/16,1010
USGS,9058000,9/24/16,1010
USGS,9058000,9/25/16,1010
USGS,9058000,9/26/16,1010
USGS,9058000,9/27/16,1010
USGS,9058000,9/28/16,1000
USGS,9058000,9/29/16,977
USGS,9058000,9/30/16,985
USGS,9058000,10/1/16,1020
USGS,9058000,10/2/16,1030
USGS,9058000,10/3/16,1030
USGS,9058000,10/4/16,1030
USGS,9058000,10/5/16,975
USGS,9058000,10/6/16,969
USGS,9058000,10/7/16,978
USGS,9058000,10/8/16,963
USGS,9058000,10/9/16,954
USGS,9058000,10/10/16,950
USGS,9058000,10/11/16,990
USGS,9058000,10/12/16,1040
USGS,9058000,10/13/16,1070
USGS,9058000,10/14/16,1060
USGS,9058000,10/15/16,1060
USGS,9058000,10/16/16,1060
USGS,9058000,10/17/16,1050
USGS,9058000,10/18/16,1030
USGS,9058000,10/19/16,1090
USGS,9058000,10/20/16,1070
USGS,9058000,10/21/16,1060
USGS,9058000,10/22/16,1030
USGS,9058000,10/23/16,1030
USGS,9058000,10/24/16,1040
USGS,9058000,10/25/16,956
USGS,9058000,10/26/16,950
USGS,9058000,10/27/16,927
USGS,9058000,10/28/16,866
USGS,9058000,10/29/16,814
USGS,9058000,10/30/16,748
USGS,9058000,10/31/16,696
USGS,9058000,11/1/16,676
USGS,9058000,11/2/16,634
USGS,9058000,11/3/16,619
USGS,9058000,11/4/16,590
USGS,9058000,11/5/16,585
USGS,9058000,11/6/16,585
USGS,9058000,11/7/16,576
USGS,9058000,11/8/16,560
USGS,9058000,11/9/16,554
USGS,9058000,11/10/16,526
USGS,9058000,11/11/16,527
USGS,9058000,11/12/16,525
USGS,9058000,11/13/16,519
USGS,9058000,11/14/16,519
USGS,9058000,11/15/16,518
USGS,9058000,11/16/16,478
USGS,9058000,11/17/16,480
USGS,9058000,11/18/16,459
USGS,9058000,11/19/16,424
USGS,9058000,11/20/16,463
USGS,9058000,11/21/16,494
USGS,9058000,11/22/16,508
USGS,9058000,11/23/16,492
USGS,9058000,11/24/16,496
USGS,9058000,11/25/16,454
USGS,9058000,11/26/16,459
USGS,9058000,11/27/16,487
USGS,9058000,11/28/16,499
USGS,9058000,11/29/16,496
USGS,9058000,11/30/16,483
USGS,9058000,12/1/16,471
USGS,9058000,12/2/16,473
USGS,9058000,12/3/16,437
USGS,9058000,12/4/16,445
USGS,9058000,12/5/16,443
USGS,9058000,12/6/16,411
USGS,9058000,12/7/16,396
USGS,9058000,12/8/16,340
USGS,9058000,12/9/16,420
USGS,9058000,12/10/16,467
USGS,9058000,12/11/16,468
USGS,9058000,12/12/16,449
USGS,9058000,12/13/16,459
USGS,9058000,12/14/16,478
USGS,9058000,12/15/16,494
USGS,9058000,12/16/16,521
USGS,9058000,12/17/16,488
USGS,9058000,12/18/16,410
USGS,9058000,12/19/16,435
USGS,9058000,12/20/16,487
USGS,9058000,12/21/16,523
USGS,9058000,12/22/16,512
USGS,9058000,12/23/16,493
USGS,9058000,12/24/16,474
USGS,9058000,12/25/16,513
USGS,9058000,12/26/16,480
USGS,9058000,12/27/16,437
USGS,9058000,12/28/16,489
USGS,9058000,12/29/16,486
USGS,9058000,12/30/16,462
USGS,9058000,12/31/16,468
USGS,9058000,1/1/17,457
USGS,9058000,1/2/17,474
USGS,9058000,1/3/17,465
USGS,9058000,1/4/17,463
USGS,9058000,1/5/17,430
USGS,9058000,1/6/17,449
USGS,9058000,1/7/17,441
USGS,9058000,1/8/17,501
USGS,9058000,1/9/17,572
USGS,9058000,1/10/17,581
USGS,9058000,1/11/17,559
USGS,9058000,1/12/17,576
USGS,9058000,1/13/17,572
USGS,9058000,1/14/17,567
USGS,9058000,1/15/17,558
USGS,9058000,1/16/17,554
USGS,9058000,1/17/17,542
USGS,9058000,1/18/17,545
USGS,9058000,1/19/17,513
USGS,9058000,1/20/17,512
USGS,9058000,1/21/17,497
USGS,9058000,1/22/17,505
USGS,9058000,1/23/17,506
USGS,9058000,1/24/17,511
USGS,9058000,1/25/17,526
USGS,9058000,1/26/17,502
USGS,9058000,1/27/17,483
USGS,9058000,1/28/17,487
USGS,9058000,1/29/17,478
USGS,9058000,1/30/17,478
USGS,9058000,1/31/17,474
USGS,9058000,2/1/17,468
USGS,9058000,2/2/17,455
USGS,9058000,2/3/17,447
USGS,9058000,2/4/17,445
USGS,9058000,2/5/17,447
USGS,9058000,2/6/17,479
USGS,9058000,2/7/17,477
USGS,9058000,2/8/17,502
USGS,9058000,2/9/17,549
USGS,9058000,2/10/17,618
USGS,9058000,2/11/17,674
USGS,9058000,2/12/17,560
USGS,9058000,2/13/17,543
USGS,9058000,2/14/17,539
USGS,9058000,2/15/17,528
USGS,9058000,2/16/17,518
USGS,9058000,2/17/17,505
USGS,9058000,2/18/17,526
USGS,9058000,2/19/17,520
USGS,9058000,2/20/17,521
USGS,9058000,2/21/17,522
USGS,9058000,2/22/17,547
USGS,9058000,2/23/17,543
USGS,9058000,2/24/17,512
USGS,9058000,2/25/17,478
USGS,9058000,2/26/17,497
USGS,9058000,2/27/17,549
USGS,9058000,2/28/17,503
USGS,9058000,3/1/17,519
USGS,9058000,3/2/17,514
USGS,9058000,3/3/17,513
USGS,9058000,3/4/17,512
USGS,9058000,3/5/17,527
USGS,9058000,3/6/17,478
USGS,9058000,3/7/17,436
USGS,9058000,3/8/17,493
USGS,9058000,3/9/17,498
USGS,9058000,3/10/17,521
USGS,9058000,3/11/17,554
USGS,9058000,3/12/17,569
USGS,9058000,3/13/17,546
USGS,9058000,3/14/17,577
USGS,9058000,3/15/17,607
USGS,9058000,3/16/17,639
USGS,9058000,3/17/17,688
USGS,9058000,3/18/17,735
USGS,9058000,3/19/17,761
USGS,9058000,3/20/17,810
USGS,9058000,3/21/17,861
USGS,9058000,3/22/17,836
USGS,9058000,3/23/17,804
USGS,9058000,3/24/17,818
USGS,9058000,3/25/17,765
USGS,9058000,3/26/17,746
USGS,9058000,3/27/17,740
USGS,9058000,3/28/17,703
USGS,9058000,3/29/17,692
USGS,9058000,3/30/17,678
USGS,9058000,3/31/17,678
USGS,9058000,4/1/17,657
USGS,9058000,4/2/17,648
USGS,9058000,4/3/17,664
USGS,9058000,4/4/17,741
USGS,9058000,4/5/17,700
USGS,9058000,4/6/17,692
USGS,9058000,4/7/17,706
USGS,9058000,4/8/17,740
USGS,9058000,4/9/17,812
USGS,9058000,4/10/17,820
USGS,9058000,4/11/17,772
USGS,9058000,4/12/17,766
USGS,9058000,4/13/17,778
USGS,9058000,4/14/17,867
USGS,9058000,4/15/17,962
USGS,9058000,4/16/17,995
USGS,9058000,4/17/17,1010
USGS,9058000,4/18/17,1030
USGS,9058000,4/19/17,1100
USGS,9058000,4/20/17,1160
USGS,9058000,4/21/17,1160
USGS,9058000,4/22/17,1100
USGS,9058000,4/23/17,1020
USGS,9058000,4/24/17,993
USGS,9058000,4/25/17,1040
USGS,9058000,4/26/17,1050
USGS,9058000,4/27/17,1050
USGS,9058000,4/28/17,1020
USGS,9058000,4/29/17,976
USGS,9058000,4/30/17,927
USGS,9058000,5/1/17,900
USGS,9058000,5/2/17,918
USGS,9058000,5/3/17,923
USGS,9058000,5/4/17,929
USGS,9058000,5/5/17,929
USGS,9058000,5/6/17,958
USGS,9058000,5/7/17,1070
USGS,9058000,5/8/17,1250
USGS,9058000,5/9/17,1370
USGS,9058000,5/10/17,1480
USGS,9058000,5/11/17,1880
USGS,9058000,5/12/17,2010
USGS,9058000,5/13/17,1840
USGS,9058000,5/14/17,1990
USGS,9058000,5/15/17,2180
USGS,9058000,5/16/17,2230
USGS,9058000,5/17/17,2190
USGS,9058000,5/18/17,2080
USGS,9058000,5/19/17,2060
USGS,9058000,5/20/17,1950
USGS,9058000,5/21/17,1790
USGS,9058000,5/22/17,1750
USGS,9058000,5/23/17,1700
USGS,9058000,5/24/17,1640
USGS,9058000,5/25/17,1610
USGS,9058000,5/26/17,1870
USGS,9058000,5/27/17,1940
USGS,9058000,5/28/17,2040
USGS,9058000,5/29/17,1980
USGS,9058000,5/30/17,1890
USGS,9058000,5/31/17,1880
USGS,9058000,6/1/17,1920
USGS,9058000,6/2/17,1920
USGS,9058000,6/3/17,1990
USGS,9058000,6/4/17,2230
USGS,9058000,6/5/17,2520
USGS,9058000,6/6/17,3510
USGS,9058000,6/7/17,4200
USGS,9058000,6/8/17,4250
USGS,9058000,6/9/17,4280
USGS,9058000,6/10/17,3940
USGS,9058000,6/11/17,3680
USGS,9058000,6/12/17,3560
USGS,9058000,6/13/17,3250
USGS,9058000,6/14/17,2980
USGS,9058000,6/15/17,2900
USGS,9058000,6/16/17,2790
USGS,9058000,6/17/17,2870
USGS,9058000,6/18/17,2980
USGS,9058000,6/19/17,2970
USGS,9058000,6/20/17,2950
USGS,9058000,6/21/17,3150
USGS,9058000,6/22/17,3550
USGS,9058000,6/23/17,3770
USGS,9058000,6/24/17,3500
USGS,9058000,6/25/17,3080
USGS,9058000,6/26/17,2490
USGS,9058000,6/27/17,2120
USGS,9058000,6/28/17,1980
USGS,9058000,6/29/17,1890
USGS,9058000,6/30/17,2060
USGS,9058000,7/1/17,1800
USGS,9058000,7/2/17,1610
USGS,9058000,7/3/17,1690
USGS,9058000,7/4/17,1660
USGS,9058000,7/5/17,1650
USGS,9058000,7/6/17,1690
USGS,9058000,7/7/17,1750
USGS,9058000,7/8/17,1720
USGS,9058000,7/9/17,1620
USGS,9058000,7/10/17,1540
USGS,9058000,7/11/17,1550
USGS,9058000,7/12/17,1670
USGS,9058000,7/13/17,1870
USGS,9058000,7/14/17,1850
USGS,9058000,7/15/17,1710
USGS,9058000,7/16/17,1530
USGS,9058000,7/17/17,1430
USGS,9058000,7/18/17,1350
USGS,9058000,7/19/17,1240
USGS,9058000,7/20/17,1180
USGS,9058000,7/21/17,1190
USGS,9058000,7/22/17,1260
USGS,9058000,7/23/17,1330
USGS,9058000,7/24/17,1270
USGS,9058000,7/25/17,1130
USGS,9058000,7/26/17,1110
USGS,9058000,7/27/17,1180
USGS,9058000,7/28/17,1180
USGS,9058000,7/29/17,1150
USGS,9058000,7/30/17,1160
USGS,9058000,7/31/17,1150
USGS,9058000,8/1/17,1160
USGS,9058000,8/2/17,1110
USGS,9058000,8/3/17,1070
USGS,9058000,8/4/17,1080
USGS,9058000,8/5/17,1060
USGS,9058000,8/6/17,1060
USGS,9058000,8/7/17,1030
USGS,9058000,8/8/17,1060
USGS,9058000,8/9/17,1130
USGS,9058000,8/10/17,1200
USGS,9058000,8/11/17,1330
USGS,9058000,8/12/17,1340
USGS,9058000,8/13/17,1350
USGS,9058000,8/14/17,1340
USGS,9058000,8/15/17,1340
USGS,9058000,8/16/17,1340
USGS,9058000,8/17/17,1300
USGS,9058000,8/18/17,1280
USGS,9058000,8/19/17,1300
USGS,9058000,8/20/17,1250
USGS,9058000,8/21/17,1200
USGS,9058000,8/22/17,1180
USGS,9058000,8/23/17,1190
USGS,9058000,8/24/17,1380
USGS,9058000,8/25/17,1430
USGS,9058000,8/26/17,1420
USGS,9058000,8/27/17,1470
USGS,9058000,8/28/17,1440
USGS,9058000,8/29/17,1430
USGS,9058000,8/30/17,1410
USGS,9058000,8/31/17,1410
USGS,9058000,9/1/17,1420
USGS,9058000,9/2/17,1440
USGS,9058000,9/3/17,1450
USGS,9058000,9/4/17,1440
USGS,9058000,9/5/17,1440
USGS,9058000,9/6/17,1410
USGS,9058000,9/7/17,1390
USGS,9058000,9/8/17,1410
USGS,9058000,9/9/17,1420
USGS,9058000,9/10/17,1410
USGS,9058000,9/11/17,1430
USGS,9058000,9/12/17,1390
USGS,9058000,9/13/17,1380
USGS,9058000,9/14/17,1370
USGS,9058000,9/15/17,1330
USGS,9058000,9/16/17,1310
USGS,9058000,9/17/17,1310
USGS,9058000,9/18/17,1320
USGS,9058000,9/19/17,1290
USGS,9058000,9/20/17,1230
USGS,9058000,9/21/17,1220
USGS,9058000,9/22/17,1200
USGS,9058000,9/23/17,1210
USGS,9058000,9/24/17,1230
USGS,9058000,9/25/17,1230
USGS,9058000,9/26/17,1250
USGS,9058000,9/27/17,1300
USGS,9058000,9/28/17,1260
USGS,9058000,9/29/17,1300
USGS,9058000,9/30/17,1300
USGS,9058000,10/1/17,1330
USGS,9058000,10/2/17,1330
USGS,9058000,10/3/17,1280
USGS,9058000,10/4/17,1330
USGS,9058000,10/5/17,1390
USGS,9058000,10/6/17,1380
USGS,9058000,10/7/17,1370
USGS,9058000,10/8/17,1330
USGS,9058000,10/9/17,1140
USGS,9058000,10/10/17,1100
USGS,9058000,10/11/17,1070
USGS,9058000,10/12/17,1070
USGS,9058000,10/13/17,1110
USGS,9058000,10/14/17,1130
USGS,9058000,10/15/17,1130
USGS,9058000,10/16/17,1130
USGS,9058000,10/17/17,1090
USGS,9058000,10/18/17,1160
USGS,9058000,10/19/17,1160
USGS,9058000,10/20/17,1170
USGS,9058000,10/21/17,1140
USGS,9058000,10/22/17,1140
USGS,9058000,10/23/17,1130
USGS,9058000,10/24/17,1090
USGS,9058000,10/25/17,1070
USGS,9058000,10/26/17,986
USGS,9058000,10/27/17,919
USGS,9058000,10/28/17,848
USGS,9058000,10/29/17,782
USGS,9058000,10/30/17,723
USGS,9058000,10/31/17,667
USGS,9058000,11/1/17,617
USGS,9058000,11/2/17,621
USGS,9058000,11/3/17,613
USGS,9058000,11/4/17,595
USGS,9058000,11/5/17,629
USGS,9058000,11/6/17,645
USGS,9058000,11/7/17,687
USGS,9058000,11/8/17,687
USGS,9058000,11/9/17,682
USGS,9058000,11/10/17,669
USGS,9058000,11/11/17,671
USGS,9058000,11/12/17,667
USGS,9058000,11/13/17,654
USGS,9058000,11/14/17,609
USGS,9058000,11/15/17,567
USGS,9058000,11/16/17,568
USGS,9058000,11/17/17,552
USGS,9058000,11/18/17,564
USGS,9058000,11/19/17,537
USGS,9058000,11/20/17,521
USGS,9058000,11/21/17,541
USGS,9058000,11/22/17,588
USGS,9058000,11/23/17,580
USGS,9058000,11/24/17,565
USGS,9058000,11/25/17,553
USGS,9058000,11/26/17,550
USGS,9058000,11/27/17,540
USGS,9058000,11/28/17,535
USGS,9058000,11/29/17,529
USGS,9058000,11/30/17,507
USGS,9058000,12/1/17,510
USGS,9058000,12/2/17,529
USGS,9058000,12/3/17,530
USGS,9058000,12/4/17,520
USGS,9058000,12/5/17,453
USGS,9058000,12/6/17,444
USGS,9058000,12/7/17,443
USGS,9058000,12/8/17,410
USGS,9058000,12/9/17,407
USGS,9058000,12/10/17,429
USGS,9058000,12/11/17,444
USGS,9058000,12/12/17,425
USGS,9058000,12/13/17,423
USGS,9058000,12/14/17,415
USGS,9058000,12/15/17,410
USGS,9058000,12/16/17,410
USGS,9058000,12/17/17,401
USGS,9058000,12/18/17,415
USGS,9058000,12/19/17,405
USGS,9058000,12/20/17,396
USGS,9058000,12/21/17,392
USGS,9058000,12/22/17,394
USGS,9058000,12/23/17,384
USGS,9058000,12/24/17,379
USGS,9058000,12/25/17,418
USGS,9058000,12/26/17,405
USGS,9058000,12/27/17,431
USGS,9058000,12/28/17,480
USGS,9058000,12/29/17,465
USGS,9058000,12/30/17,485
USGS,9058000,12/31/17,498
USGS,9058000,1/1/18,490
USGS,9058000,1/2/18,468
USGS,9058000,1/3/18,452
USGS,9058000,1/4/18,440
USGS,9058000,1/5/18,421
USGS,9058000,1/6/18,414
USGS,9058000,1/7/18,437
USGS,9058000,1/8/18,469
USGS,9058000,1/9/18,511
USGS,9058000,1/10/18,476
USGS,9058000,1/11/18,470
USGS,9058000,1/12/18,464
USGS,9058000,1/13/18,459
USGS,9058000,1/14/18,463
USGS,9058000,1/15/18,455
USGS,9058000,1/16/18,445
USGS,9058000,1/17/18,436
USGS,9058000,1/18/18,428
USGS,9058000,1/19/18,424
USGS,9058000,1/20/18,418
USGS,9058000,1/21/18,411
USGS,9058000,1/22/18,408
USGS,9058000,1/23/18,409
USGS,9058000,1/24/18,411
USGS,9058000,1/25/18,414
USGS,9058000,1/26/18,418
USGS,9058000,1/27/18,420
USGS,9058000,1/28/18,424
USGS,9058000,1/29/18,426
USGS,9058000,1/30/18,430
USGS,9058000,1/31/18,431
USGS,9058000,2/1/18,428
USGS,9058000,2/2/18,427
USGS,9058000,2/3/18,429
USGS,9058000,2/4/18,417
USGS,9058000,2/5/18,421
USGS,9058000,2/6/18,424
USGS,9058000,2/7/18,418
USGS,9058000,2/8/18,417
USGS,9058000,2/9/18,425
USGS,9058000,2/10/18,440
USGS,9058000,2/11/18,425
USGS,9058000,2/12/18,422
USGS,9058000,2/13/18,443
USGS,9058000,2/14/18,453
USGS,9058000,2/15/18,464
USGS,9058000,2/16/18,441
USGS,9058000,2/17/18,445
USGS,9058000,2/18/18,455
USGS,9058000,2/19/18,466
USGS,9058000,2/20/18,442
USGS,9058000,2/21/18,401
USGS,9058000,2/22/18,416
USGS,9058000,2/23/18,426
USGS,9058000,2/24/18,428
USGS,9058000,2/25/18,412
USGS,9058000,2/26/18,395
USGS,9058000,2/27/18,384
USGS,9058000,2/28/18,390
USGS,9058000,3/1/18,398
USGS,9058000,3/2/18,411
USGS,9058000,3/3/18,424
USGS,9058000,3/4/18,445
USGS,9058000,3/5/18,405
USGS,9058000,3/6/18,426
USGS,9058000,3/7/18,440
USGS,9058000,3/8/18,440
USGS,9058000,3/9/18,412
USGS,9058000,3/10/18,401
USGS,9058000,3/11/18,392
USGS,9058000,3/12/18,401
USGS,9058000,3/13/18,411
USGS,9058000,3/14/18,446
USGS,9058000,3/15/18,471
USGS,9058000,3/16/18,477
USGS,9058000,3/17/18,455
USGS,9058000,3/18/18,461
USGS,9058000,3/19/18,469
USGS,9058000,3/20/18,451
USGS,9058000,3/21/18,469
USGS,9058000,3/22/18,473
USGS,9058000,3/23/18,535
USGS,9058000,3/24/18,625
USGS,9058000,3/25/18,624
USGS,9058000,3/26/18,626
USGS,9058000,3/27/18,629
USGS,9058000,3/28/18,688
USGS,9058000,3/29/18,657
USGS,9058000,3/30/18,624
USGS,9058000,3/31/18,628
USGS,9058000,4/1/18,647
USGS,9058000,4/2/18,681
USGS,9058000,4/3/18,743
USGS,9058000,4/4/18,731
USGS,9058000,4/5/18,650
USGS,9058000,4/6/18,665
USGS,9058000,4/7/18,745
USGS,9058000,4/8/18,888
USGS,9058000,4/9/18,1070
USGS,9058000,4/10/18,986
USGS,9058000,4/11/18,756
USGS,9058000,4/12/18,797
USGS,9058000,4/13/18,968
USGS,9058000,4/14/18,897
USGS,9058000,4/15/18,840
USGS,9058000,4/16/18,830
USGS,9058000,4/17/18,896
USGS,9058000,4/18/18,896
USGS,9058000,4/19/18,864
USGS,9058000,4/20/18,807
USGS,9058000,4/21/18,755
USGS,9058000,4/22/18,667
USGS,9058000,4/23/18,672
USGS,9058000,4/24/18,727
USGS,9058000,4/25/18,745
USGS,9058000,4/26/18,640
USGS,9058000,4/27/18,577
USGS,9058000,4/28/18,599
USGS,9058000,4/29/18,658
USGS,9058000,4/30/18,698
USGS,9058000,5/1/18,745
USGS,9058000,5/2/18,707
USGS,9058000,5/3/18,689
USGS,9058000,5/4/18,687
USGS,9058000,5/5/18,687
USGS,9058000,5/6/18,690
USGS,9058000,5/7/18,664
USGS,9058000,5/8/18,712
USGS,9058000,5/9/18,822
USGS,9058000,5/10/18,902
USGS,9058000,5/11/18,1040
USGS,9058000,5/12/18,1300
USGS,9058000,5/13/18,1360
USGS,9058000,5/14/18,1270
USGS,9058000,5/15/18,1090
USGS,9058000,5/16/18,987
USGS,9058000,5/17/18,861
USGS,9058000,5/18/18,845
USGS,9058000,5/19/18,865
USGS,9058000,5/20/18,840
USGS,9058000,5/21/18,816
USGS,9058000,5/22/18,759
USGS,9058000,5/23/18,823
USGS,9058000,5/24/18,795
USGS,9058000,5/25/18,781
USGS,9058000,5/26/18,763
USGS,9058000,5/27/18,752
USGS,9058000,5/28/18,734
USGS,9058000,5/29/18,660
USGS,9058000,5/30/18,727
USGS,9058000,5/31/18,847
USGS,9058000,6/1/18,979
USGS,9058000,6/2/18,1070
USGS,9058000,6/3/18,1100
USGS,9058000,6/4/18,1170
USGS,9058000,6/5/18,810
USGS,9058000,6/6/18,604
USGS,9058000,6/7/18,585
USGS,9058000,6/8/18,592
USGS,9058000,6/9/18,628
USGS,9058000,6/10/18,612
USGS,9058000,6/11/18,547
USGS,9058000,6/12/18,484
USGS,9058000,6/13/18,482
USGS,9058000,6/14/18,494
USGS,9058000,6/15/18,554
USGS,9058000,6/16/18,718
USGS,9058000,6/17/18,833
USGS,9058000,6/18/18,1220
USGS,9058000,6/19/18,1120
USGS,9058000,6/20/18,945
USGS,9058000,6/21/18,941
USGS,9058000,6/22/18,896
USGS,9058000,6/23/18,704
USGS,9058000,6/24/18,649
USGS,9058000,6/25/18,673
USGS,9058000,6/26/18,611
USGS,9058000,6/27/18,630
USGS,9058000,6/28/18,610
USGS,9058000,6/29/18,614
USGS,9058000,6/30/18,582
USGS,9058000,7/1/18,668
USGS,9058000,7/2/18,639
USGS,9058000,7/3/18,733
USGS,9058000,7/4/18,810
USGS,9058000,7/5/18,865
USGS,9058000,7/6/18,936
USGS,9058000,7/7/18,938
USGS,9058000,7/8/18,902
USGS,9058000,7/9/18,905
USGS,9058000,7/10/18,852
USGS,9058000,7/11/18,840
USGS,9058000,7/12/18,883
USGS,9058000,7/13/18,977
USGS,9058000,7/14/18,978
USGS,9058000,7/15/18,921
USGS,9058000,7/16/18,963
USGS,9058000,7/17/18,1150
USGS,9058000,7/18/18,1160
USGS,9058000,7/19/18,1150
USGS,9058000,7/20/18,1160
USGS,9058000,7/21/18,1360
USGS,9058000,7/22/18,1390
USGS,9058000,7/23/18,1400
USGS,9058000,7/24/18,1370
USGS,9058000,7/25/18,1370
USGS,9058000,7/26/18,1430
USGS,9058000,7/27/18,1430
USGS,9058000,7/28/18,1440
USGS,9058000,7/29/18,1430
USGS,9058000,7/30/18,1410
USGS,9058000,7/31/18,1320
USGS,9058000,8/1/18,1230
USGS,9058000,8/2/18,1410
USGS,9058000,8/3/18,1470
USGS,9058000,8/4/18,1450
USGS,9058000,8/5/18,1460
USGS,9058000,8/6/18,1450
USGS,9058000,8/7/18,1430
USGS,9058000,8/8/18,1460
USGS,9058000,8/9/18,1480
USGS,9058000,8/10/18,1530
USGS,9058000,8/11/18,1470
USGS,9058000,8/12/18,1460
USGS,9058000,8/13/18,1440
USGS,9058000,8/14/18,1390
USGS,9058000,8/15/18,1350
USGS,9058000,8/16/18,1470
USGS,9058000,8/17/18,1450
USGS,9058000,8/18/18,1430
USGS,9058000,8/19/18,1440
USGS,9058000,8/20/18,1440
USGS,9058000,8/21/18,1470
USGS,9058000,8/22/18,1490
USGS,9058000,8/23/18,1610
USGS,9058000,8/24/18,1530
USGS,9058000,8/25/18,1460
USGS,9058000,8/26/18,1490
USGS,9058000,8/27/18,1490
USGS,9058000,8/28/18,1480
USGS,9058000,8/29/18,1470
USGS,9058000,8/30/18,1460
USGS,9058000,8/31/18,1370
USGS,9058000,9/1/18,1180
USGS,9058000,9/2/18,1180
USGS,9058000,9/3/18,1180
USGS,9058000,9/4/18,1190
USGS,9058000,9/5/18,1190
USGS,9058000,9/6/18,1130
USGS,9058000,9/7/18,1090
USGS,9058000,9/8/18,1040
USGS,9058000,9/9/18,1030
USGS,9058000,9/10/18,999
USGS,9058000,9/11/18,953
USGS,9058000,9/12/18,946
USGS,9058000,9/13/18,920
USGS,9058000,9/14/18,876
USGS,9058000,9/15/18,860
USGS,9058000,9/16/18,842
USGS,9058000,9/17/18,834
USGS,9058000,9/18/18,799
USGS,9058000,9/19/18,728
USGS,9058000,9/20/18,648
USGS,9058000,9/21/18,559
USGS,9058000,9/22/18,549
USGS,9058000,9/23/18,547
USGS,9058000,9/24/18,558
USGS,9058000,9/25/18,564
USGS,9058000,9/26/18,564
USGS,9058000,9/27/18,576
USGS,9058000,9/28/18,559
USGS,9058000,9/29/18,561
USGS,9058000,9/30/18,559
USGS,9058000,10/1/18,474
USGS,9058000,10/2/18,434
USGS,9058000,10/3/18,441
USGS,9058000,10/4/18,521
USGS,9058000,10/5/18,538
USGS,9058000,10/6/18,542
USGS,9058000,10/7/18,538
USGS,9058000,10/8/18,552
USGS,9058000,10/9/18,547
USGS,9058000,10/10/18,553
USGS,9058000,10/11/18,581
USGS,9058000,10/12/18,594
USGS,9058000,10/13/18,566
USGS,9058000,10/14/18,565
USGS,9058000,10/15/18,558
USGS,9058000,10/16/18,567
USGS,9058000,10/17/18,574
USGS,9058000,10/18/18,547
USGS,9058000,10/19/18,543
USGS,9058000,10/20/18,510
USGS,9058000,10/21/18,506
USGS,9058000,10/22/18,508
USGS,9058000,10/23/18,512
USGS,9058000,10/24/18,511
USGS,9058000,10/25/18,533
USGS,9058000,10/26/18,533
USGS,9058000,10/27/18,545
USGS,9058000,10/28/18,552
USGS,9058000,10/29/18,553
USGS,9058000,10/30/18,549
USGS,9058000,10/31/18,546
USGS,9058000,11/1/18,558
USGS,9058000,11/2/18,591
USGS,9058000,11/3/18,600
USGS,9058000,11/4/18,580
USGS,9058000,11/5/18,581
USGS,9058000,11/6/18,563
USGS,9058000,11/7/18,556
USGS,9058000,11/8/18,531
USGS,9058000,11/9/18,506
USGS,9058000,11/10/18,484
USGS,9058000,11/11/18,491
USGS,9058000,11/12/18,507
USGS,9058000,11/13/18,498
USGS,9058000,11/14/18,474
USGS,9058000,11/15/18,483
USGS,9058000,11/16/18,469
USGS,9058000,11/17/18,468
USGS,9058000,11/18/18,479
USGS,9058000,11/19/18,457
USGS,9058000,11/20/18,433
USGS,9058000,11/21/18,427
USGS,9058000,11/22/18,424
USGS,9058000,11/23/18,423
USGS,9058000,11/24/18,429
USGS,9058000,11/25/18,419
USGS,9058000,11/26/18,382
USGS,9058000,11/27/18,418
USGS,9058000,11/28/18,466
USGS,9058000,11/29/18,458
USGS,9058000,11/30/18,439
USGS,9058000,12/1/18,462
USGS,9058000,12/2/18,424
USGS,9058000,12/3/18,456
USGS,9058000,12/4/18,453
USGS,9058000,12/5/18,419
USGS,9058000,12/6/18,487
USGS,9058000,12/7/18,482
USGS,9058000,12/8/18,440
USGS,9058000,12/9/18,435
USGS,9058000,12/10/18,412
USGS,9058000,12/11/18,446
USGS,9058000,12/12/18,435
USGS,9058000,12/13/18,430
USGS,9058000,12/14/18,425
USGS,9058000,12/15/18,419
USGS,9058000,12/16/18,401
USGS,9058000,12/17/18,400
USGS,9058000,12/18/18,416
USGS,9058000,12/19/18,384
USGS,9058000,12/20/18,387
USGS,9058000,12/21/18,397
USGS,9058000,12/22/18,409
USGS,9058000,12/23/18,369
USGS,9058000,12/24/18,358
USGS,9058000,12/25/18,392
USGS,9058000,12/26/18,373
USGS,9058000,12/27/18,374
USGS,9058000,12/28/18,367
USGS,9058000,12/29/18,358
USGS,9058000,12/30/18,376
USGS,9058000,12/31/18,373
USGS,9058000,1/1/19,368
USGS,9058000,1/2/19,364
USGS,9058000,1/3/19,345
USGS,9058000,1/4/19,328
USGS,9058000,1/5/19,332
USGS,9058000,1/6/19,365
USGS,9058000,1/7/19,384
USGS,9058000,1/8/19,388
USGS,9058000,1/9/19,383
USGS,9058000,1/10/19,376
USGS,9058000,1/11/19,376
USGS,9058000,1/12/19,381
USGS,9058000,1/13/19,369
USGS,9058000,1/14/19,367
USGS,9058000,1/15/19,376
USGS,9058000,1/16/19,428
USGS,9058000,1/17/19,419
USGS,9058000,1/18/19,411
USGS,9058000,1/19/19,396
USGS,9058000,1/20/19,399
USGS,9058000,1/21/19,405
USGS,9058000,1/22/19,396
USGS,9058000,1/23/19,393
USGS,9058000,1/24/19,402
USGS,9058000,1/25/19,395
USGS,9058000,1/26/19,392
USGS,9058000,1/27/19,398
USGS,9058000,1/28/19,396
USGS,9058000,1/29/19,394
USGS,9058000,1/30/19,425
USGS,9058000,1/31/19,445
USGS,9058000,2/1/19,447
USGS,9058000,2/2/19,441
USGS,9058000,2/3/19,444
USGS,9058000,2/4/19,433
USGS,9058000,2/5/19,434
USGS,9058000,2/6/19,446
USGS,9058000,2/7/19,391
USGS,9058000,2/8/19,416
USGS,9058000,2/9/19,404
USGS,9058000,2/10/19,397
USGS,9058000,2/11/19,395
USGS,9058000,2/12/19,394
USGS,9058000,2/13/19,395
USGS,9058000,2/14/19,395
USGS,9058000,2/15/19,392
USGS,9058000,2/16/19,389
USGS,9058000,2/17/19,384
USGS,9058000,2/18/19,383
USGS,9058000,2/19/19,386
USGS,9058000,2/20/19,375
USGS,9058000,2/21/19,381
USGS,9058000,2/22/19,401
USGS,9058000,2/23/19,415
USGS,9058000,2/24/19,414
USGS,9058000,2/25/19,421
USGS,9058000,2/26/19,434
USGS,9058000,2/27/19,410
USGS,9058000,2/28/19,433
USGS,9058000,3/1/19,447
USGS,9058000,3/2/19,441
USGS,9058000,3/3/19,438
USGS,9058000,3/4/19,434
USGS,9058000,3/5/19,384
USGS,9058000,3/6/19,408
USGS,9058000,3/7/19,426
USGS,9058000,3/8/19,407
USGS,9058000,3/9/19,382
USGS,9058000,3/10/19,404
USGS,9058000,3/11/19,423
USGS,9058000,3/12/19,450
USGS,9058000,3/13/19,447
USGS,9058000,3/14/19,445
USGS,9058000,3/15/19,444
USGS,9058000,3/16/19,444
USGS,9058000,3/17/19,453
USGS,9058000,3/18/19,470
USGS,9058000,3/19/19,482
USGS,9058000,3/20/19,486
USGS,9058000,3/21/19,489
USGS,9058000,3/22/19,488
USGS,9058000,3/23/19,485
USGS,9058000,3/24/19,482
USGS,9058000,3/25/19,469
USGS,9058000,3/26/19,455
USGS,9058000,3/27/19,490
USGS,9058000,3/28/19,567
USGS,9058000,3/29/19,631
USGS,9058000,3/30/19,608
USGS,9058000,3/31/19,573
USGS,9058000,4/1/19,569
USGS,9058000,4/2/19,604
USGS,9058000,4/3/19,687
USGS,9058000,4/4/19,689
USGS,9058000,4/5/19,660
USGS,9058000,4/6/19,694
USGS,9058000,4/7/19,712
USGS,9058000,4/8/19,737
USGS,9058000,4/9/19,885
USGS,9058000,4/10/19,944
USGS,9058000,4/11/19,869
USGS,9058000,4/12/19,707
USGS,9058000,4/13/19,696
USGS,9058000,4/14/19,665
USGS,9058000,4/15/19,667
USGS,9058000,4/16/19,812
USGS,9058000,4/17/19,876
USGS,9058000,4/18/19,846
USGS,9058000,4/19/19,779
USGS,9058000,4/20/19,773
USGS,9058000,4/21/19,923
USGS,9058000,4/22/19,956
USGS,9058000,4/23/19,947
USGS,9058000,4/24/19,1010
USGS,9058000,4/25/19,1040
USGS,9058000,4/26/19,1130
USGS,9058000,4/27/19,1350
USGS,9058000,4/28/19,1500
USGS,9058000,4/29/19,1490
USGS,9058000,4/30/19,1570
USGS,9058000,5/1/19,1590
USGS,9058000,5/2/19,1400
USGS,9058000,5/3/19,1250
USGS,9058000,5/4/19,1180
USGS,9058000,5/5/19,1160
USGS,9058000,5/6/19,1160
USGS,9058000,5/7/19,1210
USGS,9058000,5/8/19,1230
USGS,9058000,5/9/19,1160
USGS,9058000,5/10/19,1080
USGS,9058000,5/11/19,998
USGS,9058000,5/12/19,932
USGS,9058000,5/13/19,903
USGS,9058000,5/14/19,975
USGS,9058000,5/15/19,1050
USGS,9058000,5/16/19,1390
USGS,9058000,5/17/19,1500
USGS,9058000,5/18/19,1570
USGS,9058000,5/19/19,1480
USGS,9058000,5/20/19,1390
USGS,9058000,5/21/19,1430
USGS,9058000,5/22/19,1380
USGS,9058000,5/23/19,1250
USGS,9058000,5/24/19,1220
USGS,9058000,5/25/19,1160
USGS,9058000,5/26/19,1080
USGS,9058000,5/27/19,1030
USGS,9058000,5/28/19,1070
USGS,9058000,5/29/19,1150
USGS,9058000,5/30/19,1190
USGS,9058000,5/31/19,1280
USGS,9058000,6/1/19,1260
USGS,9058000,6/2/19,1290
USGS,9058000,6/3/19,1430
USGS,9058000,6/4/19,1640
USGS,9058000,6/5/19,1690
USGS,9058000,6/6/19,1890
USGS,9058000,6/7/19,2150
USGS,9058000,6/8/19,2330
USGS,9058000,6/9/19,2400
USGS,9058000,6/10/19,2310
USGS,9058000,6/11/19,2190
USGS,9058000,6/12/19,2240
USGS,9058000,6/13/19,2330
USGS,9058000,6/14/19,2480
USGS,9058000,6/15/19,2950
USGS,9058000,6/16/19,3130
USGS,9058000,6/17/19,3310
USGS,9058000,6/18/19,3370
USGS,9058000,6/19/19,3590
USGS,9058000,6/20/19,3540
USGS,9058000,6/21/19,3680
USGS,9058000,6/22/19,4090
USGS,9058000,6/23/19,4200
USGS,9058000,6/24/19,3550
USGS,9058000,6/25/19,3240
USGS,9058000,6/26/19,3100
USGS,9058000,6/27/19,3200
USGS,9058000,6/28/19,3330
USGS,9058000,6/29/19,3420
USGS,9058000,6/30/19,3570
USGS,9058000,7/1/19,3930
USGS,9058000,7/2/19,4460
USGS,9058000,7/3/19,4810
USGS,9058000,7/4/19,4960
USGS,9058000,7/5/19,4860
USGS,9058000,7/6/19,4510
USGS,9058000,7/7/19,4430
USGS,9058000,7/8/19,4570
USGS,9058000,7/9/19,4220
USGS,9058000,7/10/19,3840
USGS,9058000,7/11/19,3490
USGS,9058000,7/12/19,3180
USGS,9058000,7/13/19,3230
USGS,9058000,7/14/19,3810
USGS,9058000,7/15/19,4180
USGS,9058000,7/16/19,4200
USGS,9058000,7/17/19,3940
USGS,9058000,7/18/19,3670
USGS,9058000,7/19/19,3480
USGS,9058000,7/20/19,3070
USGS,9058000,7/21/19,2900
USGS,9058000,7/22/19,2870
USGS,9058000,7/23/19,2770
USGS,9058000,7/24/19,2490
USGS,9058000,7/25/19,2370
USGS,9058000,7/26/19,2320
USGS,9058000,7/27/19,2270
USGS,9058000,7/28/19,2270
USGS,9058000,7/29/19,2130
USGS,9058000,7/30/19,2070
USGS,9058000,7/31/19,2020
USGS,9058000,8/1/19,1990
USGS,9058000,8/2/19,1910
USGS,9058000,8/3/19,1780
USGS,9058000,8/4/19,1720
USGS,9058000,8/5/19,1640
USGS,9058000,8/6/19,1620
USGS,9058000,8/7/19,1580
USGS,9058000,8/8/19,1550
USGS,9058000,8/9/19,1500
USGS,9058000,8/10/19,1440
USGS,9058000,8/11/19,1410
USGS,9058000,8/12/19,1440
USGS,9058000,8/13/19,1460
USGS,9058000,8/14/19,1390
USGS,9058000,8/15/19,1230
USGS,9058000,8/16/19,1140
USGS,9058000,8/17/19,1070
USGS,9058000,8/18/19,1050
USGS,9058000,8/19/19,1010
USGS,9058000,8/20/19,903
USGS,9058000,8/21/19,871
USGS,9058000,8/22/19,908
USGS,9058000,8/23/19,983
USGS,9058000,8/24/19,1060
USGS,9058000,8/25/19,1020
USGS,9058000,8/26/19,984
USGS,9058000,8/27/19,935
USGS,9058000,8/28/19,915
USGS,9058000,8/29/19,1050
USGS,9058000,8/30/19,1270
USGS,9058000,8/31/19,1300
USGS,9058000,9/1/19,1350
USGS,9058000,9/2/19,1370
USGS,9058000,9/3/19,1350
USGS,9058000,9/4/19,1310
USGS,9058000,9/5/19,1300
USGS,9058000,9/6/19,1320
USGS,9058000,9/7/19,1360
USGS,9058000,9/8/19,1370
USGS,9058000,9/9/19,1400
USGS,9058000,9/10/19,1510
USGS,9058000,9/11/19,1520
USGS,9058000,9/12/19,1540
USGS,9058000,9/13/19,1520
USGS,9058000,9/14/19,1490
USGS,9058000,9/15/19,1430
USGS,9058000,9/16/19,1370
USGS,9058000,9/17/19,1330
USGS,9058000,9/18/19,1280
USGS,9058000,9/19/19,1280
USGS,9058000,9/20/19,1220
USGS,9058000,9/21/19,1270
USGS,9058000,9/22/19,1280
USGS,9058000,9/23/19,1280
USGS,9058000,9/24/19,1240
USGS,9058000,9/25/19,1210
USGS,9058000,9/26/19,1270
USGS,9058000,9/27/19,1270
USGS,9058000,9/28/19,1220
USGS,9058000,9/29/19,1210
USGS,9058000,9/30/19,1250
USGS,9058000,10/1/19,1210
USGS,9058000,10/2/19,1220
USGS,9058000,10/3/19,1230
USGS,9058000,10/4/19,1180
USGS,9058000,10/5/19,1170
USGS,9058000,10/6/19,1170
USGS,9058000,10/7/19,1170
USGS,9058000,10/8/19,1150
USGS,9058000,10/9/19,1110
USGS,9058000,10/10/19,1120
USGS,9058000,10/11/19,1110
USGS,9058000,10/12/19,1080
USGS,9058000,10/13/19,1060
USGS,9058000,10/14/19,1070
USGS,9058000,10/15/19,1060
USGS,9058000,10/16/19,1060
USGS,9058000,10/17/19,1060
USGS,9058000,10/18/19,1080
USGS,9058000,10/19/19,1090
USGS,9058000,10/20/19,1090
USGS,9058000,10/21/19,1100
USGS,9058000,10/22/19,1100
USGS,9058000,10/23/19,1130
USGS,9058000,10/24/19,1150
USGS,9058000,10/25/19,1100
USGS,9058000,10/26/19,1080
USGS,9058000,10/27/19,1070
USGS,9058000,10/28/19,1090
USGS,9058000,10/29/19,1110
USGS,9058000,10/30/19,1030
USGS,9058000,10/31/19,904
USGS,9058000,11/1/19,822
USGS,9058000,11/2/19,734
USGS,9058000,11/3/19,674
USGS,9058000,11/4/19,685
USGS,9058000,11/5/19,676
USGS,9058000,11/6/19,670
USGS,9058000,11/7/19,676
USGS,9058000,11/8/19,658
USGS,9058000,11/9/19,652
USGS,9058000,11/10/19,655
USGS,9058000,11/11/19,605
USGS,9058000,11/12/19,575
USGS,9058000,11/13/19,569
USGS,9058000,11/14/19,616
USGS,9058000,11/15/19,614
USGS,9058000,11/16/19,607
USGS,9058000,11/17/19,613
USGS,9058000,11/18/19,611
USGS,9058000,11/19/19,599
USGS,9058000,11/20/19,607
USGS,9058000,11/21/19,614
USGS,9058000,11/22/19,600
USGS,9058000,11/23/19,578
USGS,9058000,11/24/19,556
USGS,9058000,11/25/19,553
USGS,9058000,11/26/19,559
USGS,9058000,11/27/19,509
USGS,9058000,11/28/19,537
USGS,9058000,11/29/19,526
USGS,9058000,11/30/19,530
USGS,9058000,12/1/19,512
USGS,9058000,12/2/19,511
USGS,9058000,12/3/19,546
USGS,9058000,12/4/19,534
USGS,9058000,12/5/19,525
USGS,9058000,12/6/19,525
USGS,9058000,12/7/19,499
USGS,9058000,12/8/19,530
USGS,9058000,12/9/19,525
USGS,9058000,12/10/19,515
USGS,9058000,12/11/19,502
USGS,9058000,12/12/19,517
USGS,9058000,12/13/19,522
USGS,9058000,12/14/19,511
USGS,9058000,12/15/19,501
USGS,9058000,12/16/19,458
USGS,9058000,12/17/19,366
USGS,9058000,12/18/19,376
USGS,9058000,12/19/19,385
USGS,9058000,12/20/19,386
USGS,9058000,12/21/19,391
USGS,9058000,12/22/19,397
USGS,9058000,12/23/19,408
USGS,9058000,12/24/19,413
USGS,9058000,12/25/19,419
USGS,9058000,12/26/19,412
USGS,9058000,12/27/19,410
USGS,9058000,12/28/19,407
USGS,9058000,12/29/19,406
USGS,9058000,12/30/19,394
USGS,9058000,12/31/19,394
USGS,9058000,1/1/20,396
USGS,9058000,1/2/20,403
USGS,9058000,1/3/20,402
USGS,9058000,1/4/20,396
USGS,9058000,1/5/20,399
USGS,9058000,1/6/20,399
USGS,9058000,1/7/20,403
USGS,9058000,1/8/20,400
USGS,9058000,1/9/20,401
USGS,9058000,1/10/20,414
USGS,9058000,1/11/20,415
USGS,9058000,1/12/20,414
USGS,9058000,1/13/20,414
USGS,9058000,1/14/20,407
USGS,9058000,1/15/20,401
USGS,9058000,1/16/20,403
USGS,9058000,1/17/20,403
USGS,9058000,1/18/20,403
USGS,9058000,1/19/20,407
USGS,9058000,1/20/20,414
USGS,9058000,1/21/20,415
USGS,9058000,1/22/20,415
USGS,9058000,1/23/20,422
USGS,9058000,1/24/20,423
USGS,9058000,1/25/20,422
USGS,9058000,1/26/20,424
USGS,9058000,1/27/20,421
USGS,9058000,1/28/20,406
USGS,9058000,1/29/20,396
USGS,9058000,1/30/20,390
USGS,9058000,1/31/20,394
USGS,9058000,2/1/20,398
USGS,9058000,2/2/20,381
USGS,9058000,2/3/20,379
USGS,9058000,2/4/20,370
USGS,9058000,2/5/20,365
USGS,9058000,2/6/20,385
USGS,9058000,2/7/20,389
USGS,9058000,2/8/20,392
USGS,9058000,2/9/20,392
USGS,9058000,2/10/20,390
USGS,9058000,2/11/20,419
USGS,9058000,2/12/20,418
USGS,9058000,2/13/20,423
USGS,9058000,2/14/20,425
USGS,9058000,2/15/20,435
USGS,9058000,2/16/20,424
USGS,9058000,2/17/20,397
USGS,9058000,2/18/20,403
USGS,9058000,2/19/20,385
USGS,9058000,2/20/20,357
USGS,9058000,2/21/20,397
USGS,9058000,2/22/20,404
USGS,9058000,2/23/20,422
USGS,9058000,2/24/20,408
USGS,9058000,2/25/20,411
USGS,9058000,2/26/20,383
USGS,9058000,2/27/20,398
USGS,9058000,2/28/20,404
USGS,9058000,2/29/20,397
USGS,9058000,3/1/20,430
USGS,9058000,3/2/20,478
USGS,9058000,3/3/20,459
USGS,9058000,3/4/20,434
USGS,9058000,3/5/20,421
USGS,9058000,3/6/20,431
USGS,9058000,3/7/20,456
USGS,9058000,3/8/20,469
USGS,9058000,3/9/20,484
USGS,9058000,3/10/20,493
USGS,9058000,3/11/20,490
USGS,9058000,3/12/20,515
USGS,9058000,3/13/20,546
USGS,9058000,3/14/20,537
USGS,9058000,3/15/20,549
USGS,9058000,3/16/20,556
USGS,9058000,3/17/20,547
USGS,9058000,3/18/20,567
USGS,9058000,3/19/20,547
USGS,9058000,3/20/20,510
USGS,9058000,3/21/20,482
USGS,9058000,3/22/20,486
USGS,9058000,3/23/20,463
USGS,9058000,3/24/20,552
USGS,9058000,3/25/20,664
USGS,9058000,3/26/20,681
USGS,9058000,3/27/20,689
USGS,9058000,3/28/20,638
USGS,9058000,3/29/20,615
USGS,9058000,3/30/20,611
USGS,9058000,3/31/20,623
USGS,9058000,4/1/20,658
USGS,9058000,4/2/20,686
USGS,9058000,4/3/20,681
USGS,9058000,4/4/20,677
USGS,9058000,4/5/20,665
USGS,9058000,4/6/20,680
USGS,9058000,4/7/20,701
USGS,9058000,4/8/20,723
USGS,9058000,4/9/20,744
USGS,9058000,4/10/20,780
USGS,9058000,4/11/20,843
USGS,9058000,4/12/20,861
USGS,9058000,4/13/20,814
USGS,9058000,4/14/20,732
USGS,9058000,4/15/20,709
USGS,9058000,4/16/20,832
USGS,9058000,4/17/20,820
USGS,9058000,4/18/20,887
USGS,9058000,4/19/20,897
USGS,9058000,4/20/20,909
USGS,9058000,4/21/20,857
USGS,9058000,4/22/20,815
USGS,9058000,4/23/20,837
USGS,9058000,4/24/20,904
USGS,9058000,4/25/20,903
USGS,9058000,4/26/20,893
USGS,9058000,4/27/20,948
USGS,9058000,4/28/20,1050
USGS,9058000,4/29/20,1220
USGS,9058000,4/30/20,1230
USGS,9058000,5/1/20,1290
USGS,9058000,5/2/20,1500
USGS,9058000,5/3/20,1640
USGS,9058000,5/4/20,1740
USGS,9058000,5/5/20,1730
USGS,9058000,5/6/20,1750
USGS,9058000,5/7/20,1710
USGS,9058000,5/8/20,1660
USGS,9058000,5/9/20,1600
USGS,9058000,5/10/20,1570
USGS,9058000,5/11/20,1620
USGS,9058000,5/12/20,1810
USGS,9058000,5/13/20,1950
USGS,9058000,5/14/20,2140
USGS,9058000,5/15/20,2150
USGS,9058000,5/16/20,2140
USGS,9058000,5/17/20,2080
USGS,9058000,5/18/20,2070
USGS,9058000,5/19/20,2120
USGS,9058000,5/20/20,2210
USGS,9058000,5/21/20,2290
USGS,9058000,5/22/20,2240
USGS,9058000,5/23/20,2110
USGS,9058000,5/24/20,2040
USGS,9058000,5/25/20,2050
USGS,9058000,5/26/20,1900
USGS,9058000,5/27/20,1760
USGS,9058000,5/28/20,1670
USGS,9058000,5/29/20,1660
USGS,9058000,5/30/20,2460
USGS,9058000,5/31/20,3130
USGS,9058000,6/1/20,3340
USGS,9058000,6/2/20,3450
USGS,9058000,6/3/20,3450
USGS,9058000,6/4/20,3010
USGS,9058000,6/5/20,2310
USGS,9058000,6/6/20,1900
USGS,9058000,6/7/20,1730
USGS,9058000,6/8/20,1600
USGS,9058000,6/9/20,1630
USGS,9058000,6/10/20,1600
USGS,9058000,6/11/20,1420
USGS,9058000,6/12/20,1370
USGS,9058000,6/13/20,1240
USGS,9058000,6/14/20,1170
USGS,9058000,6/15/20,1180
USGS,9058000,6/16/20,1070
USGS,9058000,6/17/20,929
USGS,9058000,6/18/20,931
USGS,9058000,6/19/20,1020
USGS,9058000,6/20/20,1080
USGS,9058000,6/21/20,987
USGS,9058000,6/22/20,962
USGS,9058000,6/23/20,949
USGS,9058000,6/24/20,989
USGS,9058000,6/25/20,1330
USGS,9058000,6/26/20,1590
USGS,9058000,6/27/20,1650
USGS,9058000,6/28/20,1670
USGS,9058000,6/29/20,1680
USGS,9058000,6/30/20,1510
USGS,9058000,7/1/20,1410
USGS,9058000,7/2/20,1250
USGS,9058000,7/3/20,1010
USGS,9058000,7/4/20,978
USGS,9058000,7/5/20,1060
USGS,9058000,7/6/20,1140
USGS,9058000,7/7/20,1090
USGS,9058000,7/8/20,1020
USGS,9058000,7/9/20,1020
USGS,9058000,7/10/20,913
USGS,9058000,7/11/20,853
USGS,9058000,7/12/20,800
USGS,9058000,7/13/20,794
USGS,9058000,7/14/20,778
USGS,9058000,7/15/20,826
USGS,9058000,7/16/20,928
USGS,9058000,7/17/20,888
USGS,9058000,7/18/20,852
USGS,9058000,7/19/20,848
USGS,9058000,7/20/20,848
USGS,9058000,7/21/20,851
USGS,9058000,7/22/20,837
USGS,9058000,7/23/20,886
USGS,9058000,7/24/20,885
USGS,9058000,7/25/20,1020
USGS,9058000,7/26/20,1070
USGS,9058000,7/27/20,1020
USGS,9058000,7/28/20,951
USGS,9058000,7/29/20,1040
USGS,9058000,7/30/20,986
USGS,9058000,7/31/20,997
USGS,9058000,8/1/20,1060
USGS,9058000,8/2/20,1120
USGS,9058000,8/3/20,1160
USGS,9058000,8/4/20,1170
USGS,9058000,8/5/20,1160
USGS,9058000,8/6/20,1180
USGS,9058000,8/7/20,1290
USGS,9058000,8/8/20,1320
USGS,9058000,8/9/20,1320
USGS,9058000,8/10/20,1300
USGS,9058000,8/11/20,1270
USGS,9058000,8/12/20,1330
USGS,9058000,8/13/20,1310
USGS,9058000,8/14/20,1250
USGS,9058000,8/15/20,1230
USGS,9058000,8/16/20,1220
USGS,9058000,8/17/20,1220
USGS,9058000,8/18/20,1240
USGS,9058000,8/19/20,1220
USGS,9058000,8/20/20,1150
USGS,9058000,8/21/20,1110
USGS,9058000,8/22/20,1110
USGS,9058000,8/23/20,1100
USGS,9058000,8/24/20,1090
USGS,9058000,8/25/20,1070
USGS,9058000,8/26/20,1040
USGS,9058000,8/27/20,1020
USGS,9058000,8/28/20,1030
USGS,9058000,8/29/20,1080
USGS,9058000,8/30/20,1120
USGS,9058000,8/31/20,1060
USGS,9058000,9/1/20,1010
USGS,9058000,9/2/20,984
USGS,9058000,9/3/20,971
USGS,9058000,9/4/20,988
USGS,9058000,9/5/20,1030
USGS,9058000,9/6/20,1010
USGS,9058000,9/7/20,1030
USGS,9058000,9/8/20,1030
USGS,9058000,9/9/20,1030
USGS,9058000,9/10/20,920
USGS,9058000,9/11/20,777
USGS,9058000,9/12/20,746
USGS,9058000,9/13/20,677
USGS,9058000,9/14/20,686
USGS,9058000,9/15/20,750
USGS,9058000,9/16/20,762
USGS,9058000,9/17/20,737
USGS,9058000,9/18/20,729
USGS,9058000,9/19/20,758
USGS,9058000,9/20/20,775
USGS,9058000,9/21/20,766
USGS,9058000,9/22/20,801
USGS,9058000,9/23/20,833
USGS,9058000,9/24/20,827
USGS,9058000,9/25/20,811
USGS,9058000,9/26/20,805
USGS,9058000,9/27/20,804
USGS,9058000,9/28/20,845
USGS,9058000,9/29/20,819
USGS,9058000,9/30/20,805
USGS,9058000,10/1/20,781
USGS,9058000,10/2/20,754
USGS,9058000,10/3/20,756
USGS,9058000,10/4/20,758
USGS,9058000,10/5/20,762
USGS,9058000,10/6/20,775
USGS,9058000,10/7/20,785
USGS,9058000,10/8/20,788
USGS,9058000,10/9/20,787
USGS,9058000,10/10/20,785
USGS,9058000,10/11/20,783
USGS,9058000,10/12/20,760
USGS,9058000,10/13/20,724
USGS,9058000,10/14/20,705
USGS,9058000,10/15/20,701
USGS,9058000,10/16/20,688
USGS,9058000,10/17/20,716
USGS,9058000,10/18/20,715
USGS,9058000,10/19/20,718
USGS,9058000,10/20/20,747
USGS,9058000,10/21/20,706
USGS,9058000,10/22/20,663
USGS,9058000,10/23/20,701
USGS,9058000,10/24/20,684
USGS,9058000,10/25/20,681
USGS,9058000,10/26/20,629
USGS,9058000,10/27/20,596
USGS,9058000,10/28/20,571
USGS,9058000,10/29/20,470
USGS,9058000,10/30/20,439
USGS,9058000,10/31/20,445
USGS,9058000,11/1/20,456
USGS,9058000,11/2/20,457
USGS,9058000,11/3/20,479
USGS,9058000,11/4/20,473
USGS,9058000,11/5/20,481
USGS,9058000,11/6/20,502
USGS,9058000,11/7/20,503
USGS,9058000,11/8/20,525
USGS,9058000,11/9/20,514
USGS,9058000,11/10/20,536
USGS,9058000,11/11/20,536
USGS,9058000,11/12/20,539
USGS,9058000,11/13/20,479
USGS,9058000,11/14/20,477
USGS,9058000,11/15/20,445
USGS,9058000,11/16/20,482
USGS,9058000,11/17/20,432
USGS,9058000,11/18/20,468
USGS,9058000,11/19/20,481
USGS,9058000,11/20/20,476
USGS,9058000,11/21/20,466
USGS,9058000,11/22/20,448
USGS,9058000,11/23/20,452
USGS,9058000,11/24/20,494
USGS,9058000,11/25/20,469
USGS,9058000,11/26/20,476
USGS,9058000,11/27/20,483
USGS,9058000,11/28/20,486
USGS,9058000,11/29/20,500
USGS,9058000,11/30/20,487
USGS,9058000,12/1/20,482
USGS,9058000,12/2/20,463
USGS,9058000,12/3/20,411
USGS,9058000,12/4/20,400
USGS,9058000,12/5/20,408
USGS,9058000,12/6/20,419
USGS,9058000,12/7/20,424
USGS,9058000,12/8/20,394
USGS,9058000,12/9/20,375
USGS,9058000,12/10/20,372
USGS,9058000,12/11/20,384
USGS,9058000,12/12/20,369
USGS,9058000,12/13/20,358
USGS,9058000,12/14/20,352
USGS,9058000,12/15/20,335
USGS,9058000,12/16/20,334
USGS,9058000,12/17/20,328
USGS,9058000,12/18/20,327
USGS,9058000,12/19/20,337
USGS,9058000,12/20/20,336
USGS,9058000,12/21/20,338
USGS,9058000,12/22/20,332
USGS,9058000,12/23/20,333
USGS,9058000,12/24/20,334
USGS,9058000,12/25/20,327
USGS,9058000,12/26/20,320
USGS,9058000,12/27/20,317
USGS,9058000,12/28/20,321
USGS,9058000,12/29/20,327
USGS,9058000,12/30/20,327
USGS,9058000,12/31/20,334
USGS,9058000,1/1/21,336
USGS,9058000,1/2/21,340
USGS,9058000,1/3/21,341
USGS,9058000,1/4/21,336
USGS,9058000,1/5/21,335
USGS,9058000,1/6/21,332
USGS,9058000,1/7/21,326
USGS,9058000,1/8/21,326
USGS,9058000,1/9/21,326
USGS,9058000,1/10/21,321
USGS,9058000,1/11/21,319
USGS,9058000,1/12/21,316
USGS,9058000,1/13/21,322
USGS,9058000,1/14/21,324
USGS,9058000,1/15/21,328
USGS,9058000,1/16/21,332
USGS,9058000,1/17/21,334
USGS,9058000,1/18/21,334
USGS,9058000,1/19/21,333
USGS,9058000,1/20/21,333
USGS,9058000,1/21/21,337
USGS,9058000,1/22/21,340
USGS,9058000,1/23/21,344
USGS,9058000,1/24/21,340
USGS,9058000,1/25/21,339
USGS,9058000,1/26/21,338
USGS,9058000,1/27/21,338
USGS,9058000,1/28/21,339
USGS,9058000,1/29/21,339
USGS,9058000,1/30/21,340
USGS,9058000,1/31/21,340
USGS,9058000,2/1/21,343
USGS,9058000,2/2/21,342
USGS,9058000,2/3/21,343
USGS,9058000,2/4/21,344
USGS,9058000,2/5/21,346
USGS,9058000,2/6/21,348
USGS,9058000,2/7/21,352
USGS,9058000,2/8/21,357
USGS,9058000,2/9/21,360
USGS,9058000,2/10/21,361
USGS,9058000,2/11/21,361
USGS,9058000,2/12/21,361
USGS,9058000,2/13/21,358
USGS,9058000,2/14/21,353
USGS,9058000,2/15/21,348
USGS,9058000,2/16/21,349
USGS,9058000,2/17/21,347
USGS,9058000,2/18/21,342
USGS,9058000,2/19/21,336
USGS,9058000,2/20/21,342
USGS,9058000,2/21/21,344
USGS,9058000,2/22/21,340
USGS,9058000,2/23/21,334
USGS,9058000,2/24/21,333
USGS,9058000,2/25/21,331
USGS,9058000,2/26/21,329
USGS,9058000,2/27/21,327
USGS,9058000,2/28/21,322
USGS,9058000,3/1/21,322
USGS,9058000,3/2/21,313
USGS,9058000,3/3/21,331
USGS,9058000,3/4/21,330
USGS,9058000,3/5/21,332
USGS,9058000,3/6/21,333
USGS,9058000,3/7/21,348
USGS,9058000,3/8/21,352
USGS,9058000,3/9/21,358
USGS,9058000,3/10/21,359
USGS,9058000,3/11/21,361
USGS,9058000,3/12/21,362
USGS,9058000,3/13/21,365
USGS,9058000,3/14/21,370
USGS,9058000,3/15/21,379
USGS,9058000,3/16/21,387
USGS,9058000,3/17/21,395
USGS,9058000,3/18/21,442
USGS,9058000,3/19/21,459
USGS,9058000,3/20/21,486
USGS,9058000,3/21/21,536
USGS,9058000,3/22/21,514
USGS,9058000,3/23/21,506
USGS,9058000,3/24/21,496
USGS,9058000,3/25/21,497
USGS,9058000,3/26/21,450
USGS,9058000,3/27/21,453
USGS,9058000,3/28/21,456
USGS,9058000,3/29/21,493
USGS,9058000,3/30/21,539
USGS,9058000,3/31/21,523
USGS,9058000,4/1/21,543
USGS,9058000,4/2/21,707
USGS,9058000,4/3/21,752
USGS,9058000,4/4/21,828
USGS,9058000,4/5/21,925
USGS,9058000,4/6/21,951
USGS,9058000,4/7/21,816
USGS,9058000,4/8/21,720
USGS,9058000,4/9/21,
USGS,9058000,4/10/21,
USGS,9058000,4/11/21,
USGS,9058000,4/12/21,
USGS,9058000,4/13/21,
USGS,9058000,4/14/21,745
USGS,9058000,4/15/21,764
USGS,9058000,4/16/21,873
USGS,9058000,4/17/21,953
USGS,9058000,4/18/21,1050
USGS,9058000,4/19/21,1070
USGS,9058000,4/20/21,1030
USGS,9058000,4/21/21,1090
USGS,9058000,4/22/21,1110
USGS,9058000,4/23/21,1110
USGS,9058000,4/24/21,1160
USGS,9058000,4/25/21,1000
USGS,9058000,4/26/21,869
USGS,9058000,4/27/21,943
USGS,9058000,4/28/21,1040
USGS,9058000,4/29/21,1100
USGS,9058000,4/30/21,929
USGS,9058000,5/1/21,514
USGS,9058000,5/2/21,608
USGS,9058000,5/3/21,766
USGS,9058000,5/4/21,580
USGS,9058000,5/5/21,564
USGS,9058000,5/6/21,457
USGS,9058000,5/7/21,535
USGS,9058000,5/8/21,598
USGS,9058000,5/9/21,626
USGS,9058000,5/10/21,520
USGS,9058000,5/11/21,592
USGS,9058000,5/12/21,606
USGS,9058000,5/13/21,456
USGS,9058000,5/14/21,409
USGS,9058000,5/15/21,363
USGS,9058000,5/16/21,354
USGS,9058000,5/17/21,386
USGS,9058000,5/18/21,407
USGS,9058000,5/19/21,377
USGS,9058000,5/20/21,383
USGS,9058000,5/21/21,361
USGS,9058000,5/22/21,337
USGS,9058000,5/23/21,348
USGS,9058000,5/24/21,361
USGS,9058000,5/25/21,335
USGS,9058000,5/26/21,335
USGS,9058000,5/27/21,351
USGS,9058000,5/28/21,340
USGS,9058000,5/29/21,368
USGS,9058000,5/30/21,479
USGS,9058000,5/31/21,533
USGS,9058000,6/1/21,440
USGS,9058000,6/2/21,419
USGS,9058000,6/3/21,397
USGS,9058000,6/4/21,342
USGS,9058000,6/5/21,320
USGS,9058000,6/6/21,444
USGS,9058000,6/7/21,513
USGS,9058000,6/8/21,507
USGS,9058000,6/9/21,502
USGS,9058000,6/10/21,453
USGS,9058000,6/11/21,439
USGS,9058000,6/12/21,425
USGS,9058000,6/13/21,383
USGS,9058000,6/14/21,364
USGS,9058000,6/15/21,375
USGS,9058000,6/16/21,430
USGS,9058000,6/17/21,432
USGS,9058000,6/18/21,455
USGS,9058000,6/19/21,464
USGS,9058000,6/20/21,469
USGS,9058000,6/21/21,530
USGS,9058000,6/22/21,516
USGS,9058000,6/23/21,474
USGS,9058000,6/24/21,501
USGS,9058000,6/25/21,595
USGS,9058000,6/26/21,575
USGS,9058000,6/27/21,579
USGS,9058000,6/28/21,558
USGS,9058000,6/29/21,584
USGS,9058000,6/30/21,
USGS,9058000,7/1/21,591
USGS,9058000,7/2/21,610
USGS,9058000,7/3/21,643
USGS,9058000,7/4/21,583
USGS,9058000,7/5/21,619
USGS,9058000,7/6/21,695
USGS,9058000,7/7/21,689
USGS,9058000,7/8/21,613
USGS,9058000,7/9/21,715
USGS,9058000,7/10/21,752
USGS,9058000,7/11/21,765
USGS,9058000,7/12/21,888
USGS,9058000,7/13/21,903
USGS,9058000,7/14/21,986
USGS,9058000,7/15/21,1060
USGS,9058000,7/16/21,961
USGS,9058000,7/17/21,972
USGS,9058000,7/18/21,884
USGS,9058000,7/19/21,879
USGS,9058000,7/20/21,952
USGS,9058000,7/21/21,1030
USGS,9058000,7/22/21,1120
USGS,9058000,7/23/21,1070
USGS,9058000,7/24/21,1020
USGS,9058000,7/25/21,981
USGS,9058000,7/26/21,1010
USGS,9058000,7/27/21,1130
USGS,9058000,7/28/21,1090
USGS,9058000,7/29/21,1170
USGS,9058000,7/30/21,1050
USGS,9058000,7/31/21,803
USGS,9058000,8/1/21,818
USGS,9058000,8/2/21,530
USGS,9058000,8/3/21,487
USGS,9058000,8/4/21,700
USGS,9058000,8/5/21,845
USGS,9058000,8/6/21,845
USGS,9058000,8/7/21,863
USGS,9058000,8/8/21,912
USGS,9058000,8/9/21,940
USGS,9058000,8/10/21,965
USGS,9058000,8/11/21,1050
USGS,9058000,8/12/21,1040
USGS,9058000,8/13/21,1140
USGS,9058000,8/14/21,1070
USGS,9058000,8/15/21,1140
USGS,9058000,8/16/21,1120
USGS,9058000,8/17/21,1120
USGS,9058000,8/18/21,1100
USGS,9058000,8/19/21,1130
USGS,9058000,8/20/21,1140
USGS,9058000,8/21/21,1170
USGS,9058000,8/22/21,1160
USGS,9058000,8/23/21,1140
USGS,9058000,8/24/21,1160
USGS,9058000,8/25/21,1160
USGS,9058000,8/26/21,1160
USGS,9058000,8/27/21,1190
USGS,9058000,8/28/21,1150
USGS,9058000,8/29/21,1150
USGS,9058000,8/30/21,1140
USGS,9058000,8/31/21,1150
USGS,9058000,9/1/21,1200
USGS,9058000,9/2/21,1280
USGS,9058000,9/3/21,1260
USGS,9058000,9/4/21,1280
USGS,9058000,9/5/21,1260
USGS,9058000,9/6/21,1190
USGS,9058000,9/7/21,1180
USGS,9058000,9/8/21,1170
USGS,9058000,9/9/21,1170
USGS,9058000,9/10/21,1210
USGS,9058000,9/11/21,1180
USGS,9058000,9/12/21,1110
USGS,9058000,9/13/21,1060
USGS,9058000,9/14/21,1070
USGS,9058000,9/15/21,1010
USGS,9058000,9/16/21,975